-400.075157470703,0.2931,399.957078857422,0.1905,-399.88328125,-0.127,399.945080566406,0.3371,-400.054197998047,0.298,399.947121582031,0.6644,-399.840317382812,0.8891,399.941319580078,1.021,-400.054080810547,0.8256,399.925599365234,1.0259,-400.056202392578,0.9135,399.939641113281,0.8745,-399.869400634766,0.767,399.938519287109,0.8403,-400.070280761719,1.0747,399.936716308594,1.0112,-400.081678466797,1.0161,399.953801269531,1.0161,-399.868118896484,0.9624,399.94923828125,0.5862,-399.873319091797,1.0601,399.966159667969,0.679,-399.878278808594,1.1334,399.940600585937,1.2799
-394.989840087891,0.2882,395.091199951172,0.298,-394.973160400391,-0.1124,395.054918212891,0.3078,-394.977359619141,0.3957,395.068559570313,0.6888,-394.981717529297,0.8891,395.068681640625,0.9722,-395.130159912109,0.7816,395.050118408203,1.0161,-394.955959472656,0.9233,395.05419921875,0.8647,-394.967755126953,0.6595,395.071440429688,0.8549,-394.963358154297,1.1334,395.056239013672,1.0112,-394.989796142578,1.1627,395.073801269531,1.0747,-394.987800292969,0.8256,395.076038818359,0.9184,-394.977280273437,1.0161,395.067161865234,0.7865,-394.972635498047,1.0894,395.067481689453,1.2066
-390.030678710937,0.298,390.120478515625,0.298,-390.122199707031,-0.1759,390.10099609375,0.3224,-390.116319580078,0.4787,390.106560058594,0.7035,-390.110316162109,0.7767,390.069044189453,1.0308,-390.090198974609,0.7084,390.06923828125,0.8842,-390.107600097656,0.9184,390.080600585937,0.8696,-390.013958740234,0.7914,390.092719726563,0.767,-390.0082421875,1.1431,390.132122802734,1.0064,-390.103680419922,1.1138,390.107681884766,0.9673,-390.140559082031,0.8354,390.098157958984,0.9868,-390.146276855469,1.0259,390.108839111328,0.5813,-390.124317626953,1.1236,390.076519775391,1.2897
-385.003836669922,0.3029,385.057841796875,0.298,-384.993161621094,-0.044,385.077961425781,0.4152,-385.181322021484,0.4152,385.067156982422,0.723,-384.980357666016,0.8305,385.063922119141,0.9038,-385.148759765625,0.7865,385.042839355469,1.0064,-384.975718994141,0.7963,385.044001464844,0.8696,-384.974599609375,0.7279,385.079078369141,0.8012,-384.995677490234,1.0601,385.066719970703,0.9722,-385.013358154297,1.1578,385.0766796875,0.9477,-384.982121582031,0.8305,385.072718505859,1.0161,-384.998598632813,0.9917,385.076080322266,0.6497,-385.003599853516,1.0503,385.057637939453,1.2702
-380.066158447266,0.2931,380.151959228516,0.2833,-380.082838134766,0.0147,379.968156738281,0.3908,-380.067280273438,0.3566,379.942119140625,0.6253,-380.061081542969,0.8207,380.128802490234,0.977,-380.158718261719,0.8207,380.125678710938,0.9917,-380.036239013672,0.9428,380.142957763672,0.9722,-380.173796386719,0.8061,380.131278076172,0.8891,-380.069477539063,1.021,380.158717041016,1.0259,-380.064400634766,1.1236,380.130081787109,0.9575,-380.069516601563,0.8793,380.14328125,0.9526,-380.06671875,1.0357,379.963120117187,0.7328,-380.170638427734,1.2018,380.147760009766,1.2653
-374.968521728516,0.2003,375.048395996094,0.2687,-374.982921142578,-0.0782,375.055480957031,0.3713,-374.975119628906,0.3615,375.031362304687,0.8891,-374.965402832031,0.8989,375.029477539063,0.8647,-375.171640625,0.7621,374.996762695313,1.0552,-374.948720703125,0.8451,375.035119628906,0.977,-374.970802001953,0.6448,375.025681152344,1.2066,-374.959317626953,1.0747,375.041561279297,1.0064,-374.978278808594,1.1285,375.0433984375,1.0357,-374.972678222656,0.9966,375.048800048828,1.0405,-374.986077880859,1.0552,375.034801025391,0.8256,-375.165599365234,1.1089,375.055239257813,1.2066
-370.042879638672,0.1954,369.979958496094,0.3273,-370.053199462891,-0.1124,370.001280517578,0.3664,-370.034879150391,0.3566,370.00416015625,0.85,-370.02916015625,0.9086,370.123118896484,0.9135,-370.016481933594,0.8012,370.101240234375,1.0747,-370.042640380859,0.8256,369.978718261719,0.938,-370.061079101562,0.7865,370.114720458984,1.1236,-370.026480712891,1.1187,370.128082275391,1.0405,-370.075401611328,1.2115,370.014803466797,0.8207,-370.061118164063,0.9477,369.995076904297,0.8842,-370.061318359375,1.0064,370.003399658203,0.6839,-369.916599121094,1.1285,369.988878173828,1.1578
-365.042202148438,0.2149,365.125522460937,0.3957,-365.024244384766,-0.127,365.110522460937,0.2785,-365.033078613281,0.3859,365.088598632812,0.8451,-365.030040283203,0.7621,365.090363769531,0.9038,-365.009360351563,0.8207,365.049916992187,1.0503,-365.109519042969,0.8256,365.075921630859,0.9526,-365.017838134766,0.7328,365.102758789062,1.2066,-365.128402099609,1.0308,365.124517822266,1.0894,-365.025560302734,1.1187,365.115396728516,0.8696,-365.015479736328,0.8891,365.073034667969,0.9624,-365.013161621094,0.9135,365.114038085938,0.7035,-365.015679931641,1.1822,365.095397949219,1.2408
-359.964040527344,0.2833,360.050240478516,0.4152,-359.970281982422,-0.127,360.028840332031,0.4446,-359.942722167969,0.4641,360.038720703125,0.8305,-359.942039794922,0.8061,360.032160644531,1.0405,-360.144678955078,0.8354,360.021878662109,0.9477,-360.133603515625,0.9477,360.030721435547,0.9575,-359.946997070312,0.7963,360.041639404297,1.1529,-359.966285400391,0.938,360.049562988281,1.0259,-359.959321289062,1.1236,360.033001708984,0.894,-359.970440673828,0.9233,360.058720703125,1.0894,-359.963082275391,0.9086,360.046678466797,0.6448,-359.976040039063,1.1724,360.036798095703,1.2653
-355.094760742187,0.2589,355.076595458984,0.5178,-355.096162109375,-0.0684,355.061680908203,0.4885,-355.083759765625,0.3078,355.057521972656,0.8207,-355.082841796875,0.7377,355.06748046875,0.9673,-355.078880615234,0.7914,355.066201171875,1.0405,-355.071038818359,0.7719,355.057197265625,0.9575,-355.082919921875,0.7816,355.070084228516,1.1383,-355.090799560547,1.0454,355.07576171875,1.0454,-355.078677978516,1.1822,355.071002197266,0.7523,-354.990596923828,0.894,355.055440673828,1.0015,-355.097882080078,0.9135,355.199477539063,0.6644,-355.088483886719,1.1676,355.062603759766,1.3092
-350.149080810547,0.2345,350.036721191406,0.2931,-349.946680908203,-0.1368,350.036560058594,0.4299,-349.950681152344,0.4006,350.044400634766,0.8891,-349.935080566406,0.8451,350.028922119141,0.9477,-350.1218359375,0.8745,350.0284375,1.0064,-350.12240234375,0.7767,350.042078857422,0.894,-349.954597167969,0.8598,350.030838623047,1.1431,-349.940598144531,1.0308,350.059359130859,1.065,-349.989240722656,1.1285,350.063958740234,0.8256,-350.149039306641,0.8989,350.056037597656,1.0552,-349.973918457031,0.9233,350.04587890625,0.6644,-349.963918457031,1.1383,350.042639160156,1.275
-345.032198486328,0.3615,345.114161376953,0.3615,-345.131721191406,-0.1075,345.106081542969,0.4104,-345.132761230469,0.469,345.100600585938,0.938,-345.111961669922,0.7328,345.086040039062,0.9184,-345.10419921875,0.8842,345.091159667969,1.0112,-345.105158691406,0.9086,345.074519042969,0.894,-345.127680664063,0.7865,345.08919921875,1.0405,-345.123280029297,1.0259,345.095642089844,0.9673,-345.01416015625,1.2164,345.113239746094,0.8109,-345.0133203125,0.894,345.0916796875,1.0112,-345.010559082031,1.0601,345.099517822266,0.8061,-345.143039550781,1.2018,345.105759277344,1.2018
-339.990157470703,0.3224,340.074477539063,0.3468,-339.988120117188,-0.171,340.071558837891,0.2687,-340.014720458984,0.4397,340.075003662109,0.9673,-340.000600585937,0.7914,340.067359619141,0.9673,-339.998602294922,0.9038,340.046801757812,1.0259,-339.959597167969,0.9428,340.062438964844,0.8354,-340.001080322266,1.0308,340.098120117187,1.0405,-339.999479980469,1.0308,340.100084228516,1.0112,-340.007081298828,1.065,340.094200439453,0.7474,-340.009516601563,0.9575,340.0849609375,1.1334,-340.000480957031,0.8989,340.080798339844,1.0112,-339.989721679687,1.2604,340.090358886719,1.1627
-335.064879150391,0.3859,335.034361572266,0.3322,-334.974840087891,-0.2003,335.035959472656,0.254,-334.956241455078,0.4983,335.011278076172,0.9575,-335.046560058594,0.8109,335.008200683594,0.8745,-335.06,0.8793,335.022357177734,1.0454,-335.050880126953,0.8403,335.014714355469,0.8989,-335.074639892578,0.9086,335.042198486328,1.0454,-335.072037353516,1.0259,335.040278320313,0.9086,-334.964520263672,1.0601,335.028282470703,0.7572,-334.970997314453,0.9526,335.052281494141,1.1285,-335.059920654297,0.9624,335.030677490234,0.8451,-335.048599853516,1.1822,335.016721191406,1.1773
-330.0048828125,0.381,330.103199462891,0.2589,-330.009759521484,-0.1124,330.111519775391,0.2931,-329.993359375,0.4299,330.084361572266,0.9624,-329.982961425781,0.8158,330.074241943359,0.9038,-329.999838867188,0.8109,330.061719970703,1.0943,-329.987399902344,0.6937,329.889240722656,0.8745,-330.000040283203,0.9086,330.097198486328,1.0552,-329.986079101563,1.0259,329.909284667969,0.8647,-330.023481445312,1.1773,329.900563964844,0.8403,-330.02255859375,0.9477,329.901040039062,1.0552,-330.008399658203,0.9135,329.892399902344,0.8354,-330.001118164063,1.1676,330.097279052734,1.1041
-324.918559570312,0.4299,325.012882080078,0.2638,-324.921878662109,-0.0244,324.987877197266,0.2785,-325.115961914063,0.4006,324.977839355469,0.9673,-325.095040283203,0.8598,324.974678955078,0.8061,-325.063079833984,0.9184,324.977399902344,1.0405,-325.086239013672,0.9233,324.990637207031,0.8647,-324.903720703125,0.9184,324.981916503906,1.0454,-325.112758789063,1.0357,324.999119873047,0.9917,-324.924041748047,1.0747,324.984957275391,0.85,-324.947081298828,0.7816,325.000600585937,1.0064,-325.102321777344,0.9282,324.992559814453,0.9135,-324.916319580078,1.1138,324.987319335938,1.1334
-320.025281982422,0.381,320.080960693359,0.2833,-319.99591796875,-0.044,320.094639892578,0.1612,-320.027961425781,0.3713,320.087677001953,0.894,-320.016959228516,0.8451,320.092958984375,0.894,-319.999719238281,1.2115,320.073041992187,0.9819,-320.008403320312,0.7621,320.09748046875,0.8109,-320.028277587891,0.8989,320.104921875,1.0845,-320.00755859375,1.1089,320.0883203125,0.8891,-320.031439208984,1.1773,320.109721679687,0.8061,-320.016480712891,0.7719,319.994001464844,0.9624,-320.020240478516,0.9331,320.090040283203,0.8451,-320.025998535156,1.1383,320.111639404297,1.1627
-315.044881591797,0.3859,314.934162597656,0.2443,-315.042357177734,0.1124,315.116481933594,0.1661,-315.019278564453,0.2638,315.108516845703,0.8891,-315.010480957031,0.6546,315.125041503906,0.8647,-315.022282714844,1.1627,315.090677490234,1.0308,-315.140120849609,0.8354,315.100119628906,0.8891,-315.033040771484,0.9135,315.108483886719,1.0699,-315.041318359375,1.0845,314.941960449219,0.977,-315.134240722656,1.1138,315.118918457031,0.7719,-315.027562255859,0.7279,315.112362060547,1.0454,-315.040358886719,0.8305,315.124841308594,0.8305,-315.041640625,1.1627,315.126677246094,1.236
-309.972640380859,0.4787,310.104602050781,0.254,-309.970201416016,0.1075,310.096962890625,0.2345,-309.979798583984,0.3078,310.078239746094,0.9086,-309.95423828125,0.8354,310.081123046875,0.7279,-309.959837646484,1.1236,310.071000976563,0.9624,-309.958638916016,0.8109,310.055881347656,0.8451,-309.955362548828,0.9086,310.091640625,1.0161,-309.979481201172,1.0992,310.072358398437,0.9477,-309.979759521484,1.1089,310.088837890625,0.8403,-309.970198974609,0.8109,310.094720458984,1.0552,-309.964841308594,1.0259,310.076041259766,0.8842,-309.973078613281,1.0894,310.070877685547,1.1773
-305.02412109375,0.4494,305.124560546875,0.1905,-305.135157470703,0.0684,305.106243896484,0.2443,-305.025360107422,0.4006,305.100841064453,0.8891,-305.009239501953,0.8891,305.10751953125,0.7426,-305.124799804687,1.1969,305.10248046875,0.8158,-305.130081787109,0.7719,305.095280761719,0.85,-305.041121826172,0.9184,305.118876953125,1.0112,-305.014322509766,1.1187,305.107037353516,0.9477,-305.046962890625,1.1187,305.118359375,0.8305,-305.024597167969,0.894,305.108999023437,0.9233,-305.142241210938,0.9624,305.133881835937,0.7621,-305.017316894531,1.1871,305.117398681641,1.1578
-300.000120849609,0.4494,300.093239746094,0.2491,-300.007319335938,0.2003,300.092041015625,0.2247,-300.029876708984,0.298,300.100682373047,0.8989,-300.010639648438,0.7865,300.089998779297,0.7328,-300.008479003906,1.2506,300.073720703125,0.8842,-299.983681640625,0.8061,300.08080078125,0.7621,-300.017158203125,0.9966,300.101682128906,1.0015,-300.032042236328,1.0161,300.114760742188,1.0015,-300.014360351563,1.0601,300.115318603516,0.8549,-300.00404296875,0.8891,300.122644042969,0.9673,-300.019721679688,0.8891,300.077202148437,0.7719,-299.998083496094,1.1627,300.093000488281,1.1138
-295.108759765625,0.4446,295.065120849609,0.3224,-294.992042236328,0.1563,295.059600830078,0.1563,-295.077840576172,0.2736,295.067961425781,0.9086,-294.979997558594,0.8207,295.049442138672,0.6742,-295.087039794922,1.1187,295.057202148438,0.9966,-294.953082275391,0.8745,295.072121582031,0.767,-295.096402587891,0.7767,295.069119873047,1.1041,-295.100559082031,1.0259,295.067879638672,0.9868,-294.976799316406,0.9966,295.071241455078,0.7914,-295.1315625,0.7816,295.069639892578,1.0015,-295.115440673828,0.9477,295.066599121094,0.8647,-295.001717529297,1.1529,295.08484375,1.1089
-290.064920654297,0.425,290.001201171875,0.2443,-290.079321289062,0.1417,289.994919433594,0.1124,-290.096917724609,0.2833,289.973919677734,0.8891,-290.07908203125,0.7426,289.98580078125,0.767,-290.05244140625,1.1089,290.169958496094,0.9233,-290.058599853516,0.8549,289.969716796875,0.7816,-290.077277832031,0.8207,289.991680908203,1.0357,-290.073597412109,0.9966,290.029921875,0.9673,-290.084598388672,1.0894,290.01087890625,0.7914,-290.088280029297,0.7719,290.002280273438,1.0405,-290.065804443359,1.0454,289.990357666016,0.7474,-290.071640625,1.2311,289.978837890625,1.0161
-284.989478759766,0.4348,285.118120117188,0.3322,-285.041479492187,0.1368,285.12583984375,0.1172,-284.999399414063,0.3762,284.998919677734,0.9722,-285.008516845703,0.9526,285.093041992188,0.7816,-284.994481201172,1.1334,285.101237792969,0.8598,-285.005716552734,0.8061,285.09583984375,0.8598,-285.012116699219,0.7426,285.105040283203,0.9526,-284.996240234375,1.0112,285.140161132813,0.9477,-285.012917480469,0.8354,285.125640869141,0.7914,-285.007080078125,0.8061,285.120041503906,1.148,-285.011159667969,1.0112,285.131678466797,0.767,-284.995598144531,1.192,285.120158691406,1.0308
-280.049124755859,0.5032,280.161881103516,0.2638,-280.059240722656,0.0879,279.962080078125,0.0977,-280.052042236328,0.3517,279.957520751953,0.8891,-280.051999511719,0.9575,279.952359619141,0.7719,-280.013760986328,1.1138,280.135678710938,0.9624,-280.043240966797,0.7523,280.153245849609,0.8354,-280.059561767578,0.8647,279.94916015625,0.8451,-280.054760742188,1.0259,280.163959960938,0.938,-280.074040527344,1.0503,280.149598388672,0.8256,-280.035557861328,0.8207,279.978599853516,1.1236,-280.056917724609,0.9038,280.172601318359,0.7865,-280.067557373047,1.1578,279.972919921875,1.0357
-275.011519775391,0.5618,275.017719726563,0.2736,-275.023880615234,0.0635,275.134117431641,0.1075,-275.013201904297,0.3664,275.130200195313,0.8891,-275.006715087891,0.8451,275.127598876953,0.7377,-274.988475341797,1.1041,275.102279052734,0.8647,-274.982960205078,0.8696,275.113558349609,0.8158,-275.022479248047,0.8256,275.112758789063,0.9575,-275.01083984375,1.0308,275.110960693359,0.9428,-275.021082763672,0.8061,275.014320068359,0.9722,-275.013679199219,0.7767,275.124001464844,0.7767,-275.009000244141,0.8989,275.147080078125,0.85,-275.006799316406,0.5765,275.107799072266,1.0112
-270.092281494141,0.5227,270.029561767578,0.2736,-270.103397216797,0.0635,269.995081787109,0.1417,-270.088159179688,0.2931,269.996879882812,0.977,-270.065717773437,0.7621,270.168199462891,0.8109,-270.056599121094,1.0992,269.984320068359,0.8451,-270.070401611328,0.7572,270.000478515625,0.8745,-270.077119140625,0.8745,269.998479003906,1.0308,-270.085881347656,1.0161,269.981160888672,0.9428,-270.108880615234,0.7328,269.999521484375,0.8451,-270.098399658203,0.8354,269.99755859375,1.0015,-270.090358886719,0.894,270.006560058594,0.7474,-270.080520019531,0.3517,269.992160644531,0.9966
-265.089919433594,0.5276,265.085798339844,0.3273,-265.084641113281,0.0977,265.093598632812,0.1661,-265.115960693359,0.3566,265.103238525391,0.938,-265.075760498047,0.8061,265.084639892578,0.7767,-265.060317382813,1.0699,265.180522460937,0.7816,-265.088679199219,0.7719,265.192362060547,0.8647,-265.098441162109,0.8207,265.105197753906,1.0699,-265.09751953125,0.9917,265.211602783203,0.9575,-265.091643066406,0.7914,265.07244140625,0.9086,-265.099599609375,0.7719,265.105559082031,1.0308,-265.098841552734,0.9673,265.098120117187,0.679,-265.083881835938,0.6155,265.091080322266,0.9917
-259.944840087891,0.4397,260.046278076172,0.2589,-259.929920654297,0.083,260.036560058594,0.2149,-260.100922851562,0.3224,260.0300390625,0.8842,-260.131882324219,0.7572,260.017720947266,0.5862,-260.116398925781,1.1138,260.010363769531,0.8305,-259.919400634766,0.7865,260.023880615234,0.8354,-259.924078369141,0.9038,260.053721923828,0.9722,-260.121280517578,0.8891,260.003798828125,0.9233,-260.113637695312,0.8305,260.034916992188,0.8354,-259.949638671875,0.8891,260.029477539063,1.1041,-260.119681396484,0.9624,260.023880615234,0.7279,-260.1266796875,0.596,260.02416015625,0.9868
-254.989599609375,0.4299,255.098800048828,0.3029,-254.999119262695,0.083,254.976159667969,0.1808,-254.982041015625,0.3175,255.090361328125,0.0977,-254.982880249023,0.723,254.995599975586,0.6937,-254.961639404297,1.1334,255.076879882813,0.9086,-254.958238525391,0.7719,255.071118164063,0.8256,-254.993559570313,0.9819,255.085161132812,1.0405,-254.994278564453,0.977,254.976159667969,0.9233,-254.984719238281,0.8207,255.080961303711,0.8842,-254.988440551758,0.8061,255.091201782227,0.9575,-254.995,0.9086,255.076521606445,0.723,-254.952400512695,0.5227,255.086397705078,1.0699
-250.060161132813,0.4446,250.07212097168,0.3273,-250.070239868164,0.0342,250.066481323242,0.2247,-250.061799926758,0.2931,250.05964050293,0.1612,-250.047840576172,0.7474,250.055520019531,0.6888,-250.064159545898,1.0796,250.036999511719,0.9722,-250.048359985352,0.7621,250.059120483398,0.8696,-250.050481567383,0.9086,250.071361083984,0.9722,-250.07283996582,0.9526,250.051199951172,0.9233,-250.085399780273,0.8647,250.045841064453,0.8256,-250.061638793945,0.8061,250.072919921875,0.9331,-250.071719970703,0.85,250.041478881836,0.5227,-250.072679443359,1.065,250.045,1.021
-245.04032043457,0.3762,244.942279052734,0.3664,-245.04964050293,0.0684,244.96048034668,0.3859,-245.039760131836,0.2247,244.955479736328,0.1808,-245.029119873047,0.7914,245.130319824219,0.6497,-245.047839355469,1.1236,244.921041259766,0.9819,-245.021721191406,0.8451,245.169639282227,0.8354,-245.028959960938,0.8989,245.158120727539,0.9722,-245.030958862305,1.0259,244.944440307617,0.9331,-245.056079711914,0.8451,244.949281005859,0.8403,-245.031640625,0.8207,244.927318725586,0.8989,-245.035518798828,0.9868,245.157239990234,0.7279,-245.044599609375,1.0308,244.957400512695,1.0015
-239.958158569336,0.4104,240.048399658203,0.3566,-239.968198852539,0.0879,240.063359375,0.3908,-239.943678588867,0.2491,240.038719482422,0.1172,-239.939359741211,0.7816,240.05703918457,0.7328,-239.958759765625,1.0992,240.050399780273,0.8891,-239.940999145508,0.8109,240.055639648438,0.8354,-239.943080444336,0.9135,240.069000854492,1.0161,-239.958399658203,1.0308,240.066638793945,0.9722,-239.952640991211,0.8598,240.069159545898,0.8451,-239.965477905273,0.8061,240.060880737305,1.0112,-239.951240844727,0.8842,239.945198974609,0.6058,-239.949320068359,1.1138,240.07119934082,1.0064
-235.092680053711,0.4494,235.075760498047,0.3468,-235.083558349609,0.0244,235.073480834961,0.4739,-235.099401245117,0.1026,235.078560180664,0.1417,-235.079360351563,0.7523,235.162000732422,0.6839,-235.06080078125,1.1041,235.076199951172,0.8989,-235.056359863281,0.7279,235.06364074707,0.8256,-235.097640380859,0.938,235.188200073242,1.0747,-235.082398681641,1.0259,235.086359863281,0.9038,-235.08200012207,0.8012,235.084201660156,0.7572,-235.079080200195,0.6595,235.056279907227,1.0454,-234.943199462891,0.9184,235.102521972656,0.7426,-235.066558837891,1.0943,235.080720825195,1.0796
-229.948960571289,0.3908,230.067520141602,0.254,-230.125079956055,0.1172,230.042359619141,0.4152,-230.103479614258,0.3566,230.04632019043,0.171,-229.933161010742,0.8158,230.042959594727,0.7084,-230.107479248047,1.1041,230.029320068359,0.9819,-230.090041503906,0.7474,230.032319335938,0.8061,-230.109879150391,0.9233,230.060279541016,1.0454,-230.11628112793,1.0992,230.052559814453,1.0747,-230.110440063477,0.8305,230.036517944336,0.8598,-230.107598266602,0.8305,230.037439575195,1.021,-230.123922119141,0.9038,230.038959350586,0.8451,-230.124800415039,1.0747,230.045919189453,1.0943
-225.084841308594,0.3908,225.094359130859,0.2638,-225.099320068359,0.1172,225.105239868164,0.4152,-225.089520874023,0.298,225.095481567383,0.3175,-225.077679443359,0.723,225.204080810547,0.64,-225.094840087891,1.0992,225.087720336914,1.0405,-225.075240478516,0.7621,225.097320556641,0.8891,-224.960120239258,0.9526,225.0933984375,0.9917,-225.085440063477,1.0112,225.096199951172,1.0357,-225.102439575195,0.8598,225.10467956543,0.767,-225.08548034668,0.8305,225.095799560547,1.0112,-225.092080078125,0.9038,225.081279907227,0.7865,-225.080078735352,1.0699,225.117760009766,1.021
-220.109279785156,0.3762,220.027920532227,0.2687,-220.130360107422,0.0391,220.040560913086,0.5178,-220.118200683594,0.254,220.018797607422,0.0782,-220.11208190918,0.7865,220.039360351562,0.7719,-219.913520507813,1.1089,220.02251953125,0.9673,-220.116879882813,0.7865,220.018319702148,0.8305,-220.113359375,1.0747,220.023318481445,0.9086,-220.125399169922,0.8842,220.02416015625,1.0405,-219.942679443359,0.9331,220.025120239258,0.7865,-220.11123840332,0.8745,220.033479614258,0.9868,-220.092279052734,1.0796,220.018120727539,0.8305,-220.108200683594,1.0845,220.028759765625,1.0308
-215.013359375,0.4787,215.127080688477,0.2687,-215.025280761719,0.2003,215.02448059082,0.2785,-215.000198364258,0.2638,214.978160400391,0.1612,-215.006159057617,0.767,215.082880859375,0.6693,-215.001759643555,1.1676,215.11444152832,0.9477,-215.003159179687,0.8549,215.108439941406,0.8207,-215.036920166016,1.0699,215.119400024414,0.9526,-215.021038818359,0.8696,215.120278930664,1.0357,-215.026278686523,0.7816,215.023480224609,0.8403,-215.038560180664,0.8647,215.02083984375,0.9868,-214.993680419922,0.9575,215.115599975586,0.7621,-215.010080566406,1.1676,214.997920532227,1.0454
-210.026720581055,0.5569,210.135480957031,0.2052,-210.03796081543,0.1466,210.120679321289,0.2443,-210.025400390625,0.2833,210.134879150391,0.2443,-210.019039306641,0.8158,210.111838378906,0.7035,-210.010160522461,1.0747,210.110477905273,0.9966,-210.043599853516,0.8061,210.112438964844,0.7279,-210.018839111328,1.1627,210.134439086914,0.9184,-210.127958984375,0.9526,210.136962280273,0.9966,-210.052960205078,0.8403,210.125520019531,0.767,-210.142000732422,0.8061,210.13783996582,0.977,-210.127559814453,0.9966,210.124439086914,0.7328,-210.132520141602,1.1187,210.133318481445,1.0699
-204.939479980469,0.4397,205.062440185547,0.2149,-204.96083984375,0.1221,205.066798706055,0.3273,-204.970879516602,0.4739,205.074800415039,0.1856,-204.959119262695,0.7914,204.96623840332,0.5765,-204.948920898438,1.0796,205.078159790039,0.9917,-204.934000854492,0.8598,205.061199951172,0.7279,-204.952319946289,1.0943,205.069279785156,0.9331,-204.965120849609,0.8549,205.085080566406,0.9673,-204.968959960938,0.85,205.084481201172,0.8012,-204.952758789063,0.7377,205.075360717773,0.9086,-204.943759765625,1.0405,205.060040893555,0.7767,-204.977041015625,1.0943,205.052320556641,1.0747
-200.120401000977,0.4543,200.123201293945,0.1856,-200.129280395508,0.1466,200.106361083984,0.4494,-199.979719848633,0.3762,200.122239990234,0.2052,-200.111359863281,0.8207,200.117999267578,0.8207,-200.086119995117,1.0699,200.105838623047,0.9722,-200.102401733398,0.9233,200.107639770508,0.7572,-199.978919677734,1.065,200.102600708008,0.9038,-200.120001220703,0.9428,200.135358276367,1.021,-200.124559936523,0.8207,200.106640625,0.9526,-200.128840332031,0.6742,200.12303894043,0.9868,-200.125679931641,1.0894,200.105120849609,0.8109,-200.136480712891,1.0308,200.13371887207,1.0112
-194.958440551758,0.4739,195.116560058594,0.2785,-194.977440795898,0.4055,195.107680664063,0.2931,-194.991401367188,0.3762,195.089160766602,0.2101,-195.144039306641,0.8842,195.104279785156,0.6448,-194.950761108398,1.0845,195.082158813477,0.8598,-194.950840454102,0.938,195.099360351563,0.8793,-194.964399414063,0.7084,195.089920654297,1.0552,-194.999041137695,0.8598,195.097919921875,0.9135,-195.163840332031,0.7377,195.104638671875,0.9624,-194.973840332031,0.7767,195.096560058594,0.977,-194.967359008789,1.0064,195.100762329102,0.8305,-194.965399780273,1.0357,195.114039916992,1.1676
-190.073840332031,0.4787,190.195040893555,0.2052,-190.069440307617,0.6058,190.004639892578,0.2687,-190.155042724609,0.3664,190.00383972168,0.2833,-190.048480224609,0.9673,190.171080322266,0.6106,-190.063959960938,1.1431,189.975439453125,0.9868,-190.067400512695,0.8647,190.007399291992,0.8061,-190.057117919922,0.767,190.00712097168,0.9282,-190.059240112305,0.8842,190.006241455078,0.977,-190.060199584961,0.8403,189.995081787109,0.8989,-190.042879638672,0.7767,189.993880004883,0.9722,-190.170238647461,1.0503,189.998561401367,0.8305,-190.1716796875,0.9624,189.999238891602,1.0357
-185.090761108398,0.4983,185.086719970703,0.2149,-185.090319824219,0.6595,185.076959228516,0.3029,-185.060520019531,0.2589,185.080160522461,0.3273,-185.080321655273,0.8403,185.069239501953,0.596,-185.051559448242,1.1285,185.089400634766,0.8891,-185.045440063477,0.8451,185.197801513672,0.7084,-185.0849609375,0.6839,185.087001342773,0.8647,-185.078159790039,0.9184,185.080799560547,0.9819,-185.071240844727,0.8403,185.204119873047,0.9477,-185.065919799805,0.767,185.094119262695,0.8696,-185.070760498047,1.0357,185.083439941406,0.9184,-185.053239746094,0.977,185.080239257813,1.0601
-180.054839477539,0.5862,179.938200073242,0.298,-180.043919677734,0.7328,179.950399780273,0.2833,-180.056560668945,0.2785,179.937080078125,0.2638,-180.043480224609,0.9428,179.963201293945,0.6009,-180.044000244141,1.0503,179.921121826172,0.9233,-180.053239746094,0.8696,179.954560546875,0.767,-180.039319458008,0.723,179.957680053711,0.938,-180.035720825195,0.9868,179.930360107422,0.9673,-180.056719360352,0.8354,179.941480102539,0.938,-180.059639282227,0.8207,179.94048034668,0.9233,-180.03135925293,0.9722,179.960841674805,0.7719,-180.047640380859,1.0259,179.940479736328,1.065
-175.095520019531,0.4543,175.004240112305,0.2394,-174.872318115234,0.6204,175.016159057617,0.2052,-175.111360473633,0.3762,175.010681152344,0.3273,-174.890999145508,0.8598,175.006721801758,0.6204,-174.87755859375,1.065,175.008162231445,0.9038,-175.090721435547,0.9526,174.986560058594,0.7328,-174.891800537109,0.8354,174.996959838867,0.8842,-174.891120605469,0.9673,175.010119018555,0.9673,-174.882120361328,0.85,175.033480224609,0.938,-174.888959350586,0.8549,174.994519042969,0.8745,-174.906519775391,0.9917,174.994600830078,0.8012,-174.879879760742,1.0161,174.992401123047,0.977
-169.962479248047,0.4494,170.097800292969,0.3615,-169.9916796875,0.6302,170.096398925781,0.2589,-169.968040771484,0.2736,170.073400878906,0.342,-169.975560302734,1.0503,170.084240112305,0.4446,-169.96251953125,1.0552,170.066920776367,0.9135,-169.960041503906,0.977,170.083959350586,0.7035,-169.971600341797,0.7279,170.092279052734,0.8891,-169.967681274414,1.0112,170.076519165039,0.9966,-169.952359619141,0.9184,170.075521240234,0.9428,-169.972119750977,0.8109,170.071080932617,0.8793,-169.971999511719,1.0064,170.10080078125,0.8598,-169.978158569336,1.0796,170.103160400391,0.9917
-165.039320678711,0.4641,165.080959472656,0.2882,-165.070560913086,0.6204,165.076801147461,0.2198,-165.088361206055,0.3859,165.059158935547,0.3371,-165.046517944336,0.9868,165.065479736328,0.5374,-165.062360839844,0.977,165.069759521484,0.9086,-165.031360473633,0.8647,165.068040771484,0.8647,-165.065920410156,0.8158,165.066038818359,0.977,-165.068560180664,1.0015,165.059041137695,1.0943,-165.076439819336,0.8109,165.055120239258,0.85,-165.060401000977,0.8403,165.060120849609,0.8354,-165.072080688477,1.0601,165.063079833984,0.723,-165.061278686523,0.9966,165.081481323242,0.9917
-160.081880493164,0.5276,159.971797485352,0.2833,-160.073438720703,0.6497,160.002960205078,0.2149,-160.085439453125,0.3664,159.995718994141,0.2345,-160.055800170898,0.8989,160.000560302734,0.5325,-160.045878295898,1.021,160.00135925293,0.9819,-160.066920166016,0.8842,160.000400390625,0.7719,-160.074280395508,0.8109,159.981358642578,0.9477,-160.073719482422,0.8696,159.994800415039,1.1041,-160.083681030273,0.8647,159.993440551758,0.9086,-160.068721313477,0.8696,159.983719482422,0.9722,-160.059719238281,0.9868,160.019080200195,0.7377,-160.056280517578,1.0161,160.011720581055,1.0405
-154.997518920898,0.5374,155.133201904297,0.1856,-154.998920288086,0.6937,155.006479492188,0.1661,-155.001239624023,0.4543,155.116880493164,0.2833,-155.011039428711,0.9624,155.128200683594,0.4983,-154.996920166016,1.0845,155.135999145508,0.9331,-155.011441040039,0.9477,155.140399780273,0.7914,-155.019041137695,0.767,155.113318481445,0.977,-154.999080200195,1.0064,155.015000610352,1.2213,-155.019680786133,0.8109,155.017279663086,0.8793,-155.000280151367,0.8891,155.14383972168,0.9428,-154.987961425781,0.9624,155.120920410156,0.7523,-154.99971862793,1.0699,155.008159790039,1.021
-150.032520751953,0.4348,149.99948059082,0.1856,-150.016159667969,0.7767,149.991600341797,0.3175,-150.053759765625,0.4152,149.96255859375,0.298,-150.143079833984,0.8842,149.976998901367,0.64,-150.026360473633,0.9966,149.958601074219,0.8989,-150.139198608398,0.9624,150.159400634766,0.767,-150.159199829102,0.7181,149.977080078125,1.0454,-150.160800170898,0.9477,149.972000732422,1.1383,-150.042800292969,0.8891,150.162479248047,0.8696,-150.161881713867,0.8403,150.158959960937,0.8647,-150.028039550781,0.9233,149.956759033203,0.7523,-150.147240600586,1.0454,149.969840087891,1.0699
-145.019281005859,0.4543,145.020199584961,0.1759,-145.008677978516,0.7181,145.034360351563,0.3224,-145.02719909668,0.3517,145.137678833008,0.254,-145.019800415039,0.9135,145.153281860352,0.5667,-145.018079833984,1.0405,145.11,0.8891,-145.017280273438,0.9135,145.123560180664,0.7865,-145.025120239258,0.6644,145.120120239258,0.938,-145.036439819336,0.9526,145.147679443359,1.0308,-145.035198974609,0.8061,145.132399902344,0.8549,-145.032959594727,0.8598,145.134639892578,0.9819,-145.047840576172,0.9135,145.116159667969,0.8012,-145.058598632813,1.0161,145.129879760742,0.9722
-140.099759521484,0.4446,140.124878540039,0.3517,-139.998359985352,0.7084,139.920440673828,0.3957,-139.958679199219,0.381,140.129039916992,0.1075,-140.073400268555,0.8745,140.109800415039,0.5716,-140.091160888672,1.0992,140.095122070313,0.894,-140.072240600586,0.9233,140.073638916016,0.7767,-139.965719604492,0.7132,140.104238891602,0.938,-139.983318481445,0.9575,140.108760375977,0.9917,-139.981160888672,0.9282,140.095120239258,0.9282,-139.978439941406,0.8305,139.913760986328,0.9526,-139.975360717773,0.9477,140.093721923828,0.8305,-139.985440673828,1.0894,140.095280761719,0.894
-135.073479614258,0.4055,135.045161743164,0.3322,-135.087879638672,0.767,135.005880126953,0.2882,-135.065119628906,0.4152,135.006799926758,0.9184,-135.071158447266,0.9086,135.009959716797,0.6546,-135.081240844727,1.0161,135.010399780273,0.8647,-135.078480224609,0.8549,135.011361083984,0.7963,-135.080319213867,0.6693,135.017399902344,0.8989,-135.091401367188,0.9233,135.010481567383,0.9966,-135.067279663086,0.9135,134.995960693359,0.7865,-135.078198852539,0.6937,135.024361572266,0.8598,-135.076480102539,0.8207,135.012240600586,0.7474,-135.086240844727,1.1138,135.024119262695,0.8891
-130.001359863281,0.4152,130.024719848633,0.2296,-130.000680541992,0.7767,130.013200073242,0.2003,-130.014119873047,0.3273,130.031400756836,0.7914,-130.016199951172,0.9038,130.148920288086,0.723,-129.999758300781,1.021,130.122200927734,0.938,-129.99964050293,0.9184,130.143040161133,0.8647,-130.003879394531,0.7426,130.015239868164,0.9526,-130.003839111328,1.0259,130.123919067383,0.9477,-130.009637451172,0.8158,130.130720214844,0.7474,-130.001041259766,0.5667,130.125039672852,0.8598,-130.012479858398,0.8451,130.021919555664,0.8109,-130.023919677734,1.0796,130.127161254883,0.8989
-125.124800109863,0.4787,125.150440673828,0.1026,-125.030120239258,0.7767,124.960079956055,0.2052,-125.021279296875,0.381,125.159719543457,0.7963,-125.123159484863,0.9868,124.950800170898,0.7474,-125.028599853516,1.0064,125.142839355469,0.8696,-125.009359130859,0.8745,125.171839904785,0.8403,-125.03140045166,0.7279,125.168519897461,0.9184,-125.024519958496,1.0357,125.162880249023,0.9673,-125.031640014648,0.85,125.147159729004,1.0308,-125.030920410156,0.6058,125.157319335938,0.8256,-125.019479980469,0.8451,125.146720275879,0.7865,-125.125559387207,1.0015,125.160639953613,0.8793
-119.986040039063,0.4739,119.997840270996,0.0733,-119.98951965332,0.767,120.086680297852,0.2833,-119.973759460449,0.2736,120.104799804688,0.7963,-119.970360717773,0.9624,120.080279541016,0.6888,-119.976240844727,1.0161,120.101119995117,0.7474,-120.158239746094,0.9331,120.107679443359,0.8793,-119.98859954834,0.8207,120.096040039063,0.8891,-119.985039978027,1.0796,120.110359802246,1.0405,-119.98116027832,0.9086,120.093040161133,0.938,-119.977360229492,0.6058,120.105879516602,0.8207,-119.993959960938,0.9331,120.111159667969,0.8451,-119.988680419922,1.021,120.010679931641,0.8207
-115.142719421387,0.469,115.193240356445,0.1612,-115.06508026123,0.7719,114.993519897461,0.2491,-115.152200012207,0.3029,114.989599914551,0.8745,-115.064520263672,1.0161,115.185240478516,0.7035,-115.149119262695,1.021,115.00296081543,0.7181,-115.062240600586,0.938,114.986120605469,0.9086,-115.032319335938,0.7719,115.000520629883,0.9966,-115.17427947998,1.0064,115.01243927002,0.9282,-115.069440307617,0.9233,115.195840148926,0.8842,-115.063719482422,0.6302,114.98783996582,0.8012,-115.075200195313,0.8354,114.981799926758,0.7767,-115.064279785156,1.0259,115.011600341797,0.894
-110.040879516602,0.4446,110.098959350586,0.1075,-110.060479736328,0.7132,110.082479248047,0.3078,-110.030039978027,0.4592,110.189040527344,0.8451,-110.053560180664,1.0308,110.085559387207,0.6058,-110.057320556641,0.9722,110.075400390625,0.7816,-110.059440612793,0.8647,110.070679931641,0.8549,-110.049400024414,0.7035,110.10656036377,0.9233,-110.050839233398,0.9868,110.190719604492,1.0112,-110.047640380859,0.8354,110.082360229492,0.9331,-110.064799804688,0.6106,110.089318847656,0.767,-110.048760070801,0.8354,110.066519775391,0.8989,-110.045639953613,1.0357,110.08511932373,0.8989
-104.916838989258,0.2491,105.026200561523,0.1172,-105.10724029541,0.7328,105.061440124512,0.2149,-105.105799865723,0.3762,105.009799804688,0.7572,-105.086799926758,0.9722,105.028160095215,0.7035,-105.100039978027,1.0845,105.025520019531,0.7621,-105.115919494629,0.9428,105.032159729004,0.9038,-105.116040344238,0.767,105.04548034668,0.8061,-104.93,0.9819,105.024320373535,1.0357,-104.934039306641,0.8451,105.011960144043,0.85,-105.120840148926,0.6302,105.03907989502,0.9184,-104.904680175781,0.8598,105.018280639648,0.8403,-104.927680053711,0.9575,105.020480041504,0.9575
-99.9677590942383,0.3957,100.090999755859,0.1026,-99.9784796142578,0.7035,100.072440185547,0.2003,-99.9852807617188,0.3371,100.098039855957,0.8012,-99.9683200073242,1.021,99.9599597167969,0.6595,-99.9688400268555,1.065,100.074439697266,0.7767,-99.9685604858398,0.8207,100.08916015625,0.8158,-99.9631201171875,1.0503,100.088439331055,0.8989,-99.9632397460937,0.9917,100.088440551758,0.8256,-99.9923599243164,0.85,100.084439697266,0.8793,-99.948840637207,0.7132,100.102639770508,0.9233,-99.9758801269531,0.8793,100.077520141602,0.7328,-99.967839050293,0.85,100.085400695801,0.8549
-95.0421997070312,0.3127,95.0687197875977,0.0977,-95.0365600585938,0.6595,95.0665197753906,0.2638,-95.0735195922852,0.5765,95.0595989990234,0.8793,-95.0546398925781,1.0405,95.0602798461914,0.7767,-95.0313607788086,0.9868,95.0533599853516,0.7523,-95.0395993041992,0.7084,95.065319519043,0.7963,-95.0537197875977,1.0601,95.0643597412109,0.9673,-95.0292404174805,0.9966,95.0630404663086,0.9624,-94.9228802490234,0.8451,95.0515600585938,0.8793,-95.0416403198242,0.7377,95.0575192260742,0.9184,-95.0508407592773,0.9673,95.0607196044922,0.7474,-95.0563195800781,0.9575,95.0892010498047,0.9722
-90.0137997436523,0.3908,89.9816796875,0.0049,-90.0104797363281,0.7035,89.9627600097656,0.2003,-89.9939605712891,0.4348,90.1410000610352,0.85,-90.0145199584961,0.9135,89.9588403320312,0.6155,-90.0108401489258,1.0064,90.1342004394531,0.8061,-90.0109204101562,0.7035,89.9597601318359,0.8109,-90.0189602661133,1.0259,89.9662799072266,0.7963,-90.0140805053711,0.9868,89.9465997314453,1.0112,-90.0182000732422,0.9233,90.1352001953125,0.8207,-90.0173999023438,0.767,89.9655993652344,0.8549,-90.028879699707,0.9477,89.9605197143555,0.6644,-90.0048394775391,0.8793,89.9578393554687,0.9526
-84.9677597045898,0.3175,85.0708801269531,0.1026,-84.9211199951172,0.5862,85.0740805053711,0.2491,-84.9549203491211,0.3859,85.0726397705078,0.8598,-85.138879699707,0.9526,85.0648797607422,0.6253,-84.9147998046875,0.9526,85.0786795043945,0.8109,-85.1451205444336,0.6448,85.0747604370117,0.8207,-84.9360003662109,1.0845,85.0726800537109,0.8745,-84.9588003540039,0.9819,85.0763192749023,0.9184,-84.9477203369141,0.894,85.0590390014648,0.9526,-84.9494396972656,0.6937,85.0940798950195,0.8647,-84.9356402587891,0.9038,85.0722402954102,0.6888,-85.1237600708008,0.9428,85.0805599975586,0.9477
-80.0634799194336,0.3322,80.0916397094727,-0.0537,-80.0689199829102,0.6204,80.096960144043,0.254,-80.0713604736328,0.3859,80.0924789428711,0.85,-80.0606402587891,0.8696,80.1163198852539,0.5765,-80.0675997924805,1.0259,80.0883993530273,0.6693,-80.0807604980469,0.6546,80.091921081543,0.8256,-80.0715197753906,1.0699,80.1048400878906,0.8842,-80.087919921875,0.9673,80.0907598876953,0.9575,-80.0745196533203,0.8989,80.1099206542969,0.8842,-80.0563998413086,0.7767,80.0990399169922,0.938,-80.0686004638672,0.9086,80.0987200927734,0.6937,-80.0692001342773,0.8989,80.0751202392578,0.9575
-75.1103604125977,0.3175,75.0555999755859,0.0537,-75.09916015625,0.0049,75.0596401977539,0.3078,-75.1102005004883,0.4348,75.0528799438477,0.7767,-75.141960144043,0.7914,75.0493994140625,0.5276,-75.115520324707,1.1138,75.0492807006836,0.7474,-75.1164007568359,0.7767,75.0464401245117,0.7621,-75.1144799804687,0.9868,75.0541595458984,0.8598,-75.1065194702148,1.0259,75.063200378418,0.8354,-75.1044805908203,0.9038,75.0331997680664,0.8745,-74.9181201171875,0.7426,75.0488400268555,0.9282,-74.9038397216797,0.8745,75.0434396362305,0.6937,-75.0957608032227,0.9184,75.0574395751953,1.0112
-70.0879196166992,0.3175,70.0896002197266,0.0195,-70.0675607299805,0.3664,70.1027603149414,0.2931,-70.0659201049805,0.3566,70.0857595825195,0.7621,-70.0721603393555,0.8305,70.0805197143555,0.5129,-70.063759765625,1.0552,70.101120300293,0.8207,-70.0736001586914,0.7865,70.0955197143555,0.7377,-70.0743600463867,1.275,70.1021200561523,0.8109,-70.0836401367188,1.0112,70.0987594604492,0.9038,-70.0851593017578,0.9135,70.1048007202148,0.8696,-70.0772393798828,0.8256,70.0776409912109,0.8256,-70.066799621582,1.0064,70.084479675293,0.6937,-70.0760397338867,0.9624,70.1071200561523,1.1089
-65.122600402832,0.342,65.0509997558594,-0.0244,-65.105280456543,0.4201,65.0502798461914,0.2052,-65.0903198242188,0.4397,65.056960144043,0.767,-64.9116003417969,0.8989,65.0304010009766,0.5716,-65.1035604858399,1.0796,65.067160949707,0.6839,-64.9276406860352,0.8109,65.0590405273438,0.7572,-65.1040399169922,1.2213,65.0426000976562,0.7426,-65.1188403320313,0.9086,65.0167205810547,0.8354,-65.1226397705078,0.9233,65.0395202636719,0.9184,-65.1035205078125,0.7377,65.0378799438477,0.8549,-65.1001202392578,0.9038,65.0481597900391,0.5813,-65.1024801635742,0.8989,65.0443600463867,1.0015
-59.9945602416992,0.3371,60.1319201660156,0.0195,-60.0028002929688,0.3957,59.9713198852539,0.3175,-60.0024404907227,0.342,60.1113600158691,0.7523,-59.991000213623,0.7914,60.0002003479004,0.4592,-59.9940397644043,1.0796,59.9967599487305,0.7865,-60.0161996459961,0.7719,59.9946000671387,0.8305,-60.0043597412109,1.1724,60.1058399963379,0.8403,-60.0062399291992,0.9282,60.0030403137207,0.8891,-60.0044799804688,0.9135,59.998879699707,0.9282,-60.0339198303223,0.8256,60.0055599975586,0.8598,-60.0003596496582,0.9868,60.0050402832031,0.6106,-60.0173599243164,0.9575,60.0164404296875,1.0503
-55.0804002380371,0.381,55.0991999816895,0.0,-55.0924401855469,0.3078,55.1118399047852,0.2443,-55.0914402770996,0.4397,55.0875601196289,0.6986,-55.074280090332,0.8061,55.0905200195312,0.4739,-54.9665202331543,1.0699,55.0933995056152,0.7719,-54.9368399047852,0.8451,54.8908403015137,0.8256,-55.0656401062012,1.0454,55.0933598327637,0.8012,-55.0826397705078,1.0161,55.084280090332,0.8793,-54.9594400024414,0.8256,55.093440246582,0.9624,-55.0824800109863,0.7816,55.0846002197266,0.9233,-54.9613597106934,0.9673,55.0885998535156,0.6106,-55.091720123291,0.9477,55.093639831543,1.0699
-50.072200012207,0.3713,50.044119720459,0.0147,-50.0714801025391,0.3127,50.0280401611328,0.1759,-50.0663604736328,0.3371,50.0279197692871,0.7523,-50.0671199035645,0.7523,49.9937200927734,0.6106,-50.0580004882813,0.9722,50.0167202758789,0.7816,-50.0750396728516,0.8305,50.0104402160645,0.8207,-50.0708799743652,1.065,49.9957598876953,0.894,-50.0831999206543,0.9917,50.0170799255371,0.9331,-50.049040222168,0.9086,50.011720123291,0.8745,-50.0768405151367,0.7377,50.0137599182129,0.9038,-50.0916798400879,0.9966,50.0074002075195,0.6986,-50.0574000549316,0.9233,50.0086401367188,1.0796
-44.9915997314453,0.3468,45.1615599060059,-0.0342,-45.010119934082,0.1759,45.045240020752,0.1368,-44.9902398681641,0.469,45.1640000915527,0.7865,-44.9840800476074,0.8745,45.0378398132324,0.552,-44.9962803649902,1.0992,45.1442796325684,0.6839,-45.0099998474121,0.7719,45.1564001464844,0.8061,-45.0104797363281,1.065,45.1488795471191,0.9575,-45.0101200866699,0.938,45.1477593994141,0.8647,-45.0092002868652,0.8451,45.0502000427246,0.938,-45.0018402099609,0.8403,45.1578802490234,0.8696,-44.9985198974609,0.9477,45.036720123291,0.6693,-44.9880798339844,0.8891,45.1425598144531,1.0894
-40.0467599487305,0.2882,40.0082397460938,0.0684,-40.0396000671387,0.1856,39.9978398132324,0.1954,-40.1606399536133,0.3615,40.0034797668457,0.7572,-40.0572798156738,0.7865,39.9996000671387,0.5813,-40.0686399841309,1.1041,39.9956800842285,0.6742,-40.0535200500488,0.8354,40.0008403015137,0.7377,-40.0536799621582,1.148,39.9907997131348,0.596,-40.0644798278809,0.938,39.996559753418,0.8696,-40.052759552002,0.7426,39.9964398193359,0.8647,-40.075359954834,0.7719,40.0017599487305,0.8598,-40.0472004699707,0.6448,39.9965997314453,0.6742,-40.0383599853516,0.9428,40.0122398376465,1.1138
-35.0193203735352,0.3127,35.0772402954102,-0.0098,-35.0262001037598,0.2345,35.1784399414063,0.1514,-35.0258399963379,0.3615,35.059040222168,0.723,-35.0235597229004,0.7279,35.0560400390625,0.5862,-35.0132795715332,1.0112,35.1525598144531,0.723,-35.0168002319336,0.7621,35.0501196289063,0.6693,-35.014599609375,1.0796,35.0585601806641,0.4983,-35.0217601013184,0.9233,35.1719200134277,0.8696,-35.0151197814941,0.6644,35.1711199951172,0.7621,-34.9988000488281,0.8207,35.0567195129395,0.7816,-35.0297602844238,0.7621,35.0613200378418,0.6155,-35.0215200805664,0.9526,35.0587998962402,1.0503
-29.9064000701904,0.2638,30.0485599517822,-0.0195,-30.1022798919678,0.3322,30.0507599639893,0.171,-30.1017601013184,0.1856,30.0721599578857,0.8158,-30.0963600158691,0.723,30.0453199005127,0.5423,-30.0893999481201,1.0845,30.0625997924805,0.6546,-30.0948801422119,0.6986,30.0362001037598,0.7328,-29.9087999725342,1.0552,30.0603998565674,0.5569,-30.1026802062988,0.9673,30.060239944458,0.8549,-30.0931600189209,0.8207,30.0525596618652,0.8061,-30.1040799713135,0.6888,30.0520001220703,0.7377,-30.1001600646973,0.6644,30.0541999053955,0.6448,-30.0844400024414,1.0112,30.0685599517822,1.0943
-25.0563999176025,0.2785,25.0820398712158,-0.0147,-25.046960144043,0.2687,25.062320022583,0.2345,-25.0412801361084,0.298,25.0866800689697,0.8696,-25.0613600158691,0.8012,25.0564800262451,0.6155,-25.0861199188232,1.0796,25.0732398986816,0.7767,-25.059759979248,0.8256,25.0635600280762,0.5862,-25.0558802032471,0.9966,25.0786800384521,0.6448,-25.057799987793,1.0308,25.2015200805664,0.894,-25.0773600006104,0.6742,25.0718799591064,0.679,-25.0727200317383,0.6839,25.0986001586914,0.6253,-25.0680800628662,0.723,25.0755198669434,0.6302,-25.0645199584961,0.8598,25.0656400299072,1.0308
-20.0188398742676,0.2785,19.9819200897217,0.0879,-20.0134399414063,0.2785,19.9829199981689,0.1612,-20.0312400054932,0.2149,19.9581201171875,0.8891,-20.0221600341797,0.6839,19.9414000701904,0.4348,-20.0641600799561,1.0308,19.9540799713135,0.7132,-20.0416798400879,0.7914,19.9847201538086,0.6448,-20.0289199066162,0.9868,19.9712802124023,0.5178,-20.0235200500488,0.9673,19.9519599151611,0.977,-20.1379998779297,0.6888,19.9631200408936,0.679,-20.0204398345947,0.6937,19.9919598388672,0.6644,-20.0154000091553,0.7914,19.9522798919678,0.5471,-20.128440246582,0.9038,19.9488800811768,1.0308
-14.9017199707031,0.3127,15.0813199615479,0.1026,-15.0928799438477,0.3273,15.0731999588013,0.0928,-14.9237999725342,0.3127,15.0706000518799,0.8549,-14.9184799957275,0.7377,15.0609600448608,0.4055,-15.1229600524902,1.021,15.0580000686646,0.7719,-14.9158399581909,0.7914,15.0678400039673,0.6497,-15.1183200073242,0.9819,15.0640799713135,0.5374,-14.9294799423218,1.0503,15.0878799438477,0.9917,-15.1086400604248,0.4885,14.9603600311279,0.6839,-14.895239982605,0.7474,15.0689200592041,0.5765,-14.9111199569702,0.767,15.0743598556519,0.6546,-14.8995199584961,0.8842,15.0867999649048,1.0064
-10.0232000350952,0.2101,10.0490000534058,-0.0293,-10.0330400466919,0.1759,10.0613999938965,0.044,-10.0393199539185,0.2638,10.0686000442505,0.7035,-10.0367599868774,0.6595,10.0620800018311,0.8305,-10.0197200012207,0.9135,10.0520400619507,0.6106,-10.0325199890137,0.6986,10.0555599212646,0.5911,-10.035119972229,0.9673,10.052080039978,0.298,-10.0316399383545,1.065,10.0438000106812,0.8256,-10.0152799987793,0.5081,10.0456001281738,0.6204,-10.0343999481201,0.6204,10.055359992981,0.6302,-10.042080078125,0.6058,10.0548799514771,0.5276,-10.0280400085449,0.8696,10.0507600402832,0.9086
-5.01776000976562,0.1221,4.98284000396729,-0.0049,-5.01632005691528,0.1661,4.97512002944946,0.0977,-5.03360000610352,0.2687,4.98627996444702,0.9086,-5.02143999099731,0.6742,4.98643997192383,0.977,-5.04455997467041,1.0112,4.97176000595093,0.6546,-5.04555999755859,0.552,4.99163999557495,0.6155,-5.02960000991821,1.0796,4.97976005554199,0.4934,-5.02507997512817,0.8305,4.98312002182007,0.8403,-5.03187999725342,0.4348,4.99251998901367,0.7816,-5.14120000839233,0.6644,4.96412002563477,0.7132,-5.04603996276856,0.6155,4.99944002151489,0.5178,-5.03207998275757,0.7865,5.19919996261597,1.0308
0.0130799997504801,0.1172,0.146240000426769,0.0928,0.0274800004344434,0.1856,0.143840000033379,0.1563,0.00659999998286366,0.2491,0.128200000524521,0.8696,0.011480000205338,0.6155,0.118600001335144,1.0112,0.0237599999830127,0.9135,0.127720001228154,0.6937,0.0156799998274073,0.6693,0.128480001315475,0.6888,0.00799999972805381,1.021,0.124399999976158,0.5081,0.0210000002756715,0.8403,0.0155999994464219,0.9135,0.0155200002156198,0.6595,0.106520000472665,0.8207,0.0224800003692508,0.6448,0.117880000174046,0.7181,0.0237599999923259,0.5862,0.10992000028491,0.6546,0.0235600002203137,0.7377,0.132760000750422,1.0161
5.17559999465942,0.0782,-5.0223999786377,0.0977,4.99436002731323,0.1172,-5.03796001434326,0.2003,4.98920000076294,0.1563,-5.1378399848938,0.8989,4.99371997833252,0.5178,-5.02792001724243,1.0894,4.98203992843628,0.9624,-5.02364002227783,0.7523,4.98519994735718,0.6155,-5.15135999679565,0.6644,5.19407997131348,0.9868,-5.15819999694824,0.5618,4.9785599899292,0.8061,-5.14776002883911,0.9282,4.96271995544434,0.5618,-5.13943998336792,0.7963,5.18848001480103,0.6058,-5.14928001403809,0.8256,5.00143995285034,0.5862,-5.16300003051758,0.5716,5.19151998519897,0.7328,-5.14992000579834,1.0064
10.0774000167847,0.1172,-9.8938000869751,0.0293,10.0579598999023,0.2101,-9.91420001983643,0.2149,10.057560043335,0.1612,-9.90983989715576,0.9868,10.0687999343872,0.5618,-9.90259994506836,0.9868,10.0511199951172,0.8891,-9.90191989898682,0.8305,10.0496399307251,0.5716,-9.919880027771,0.7084,10.0615200424194,0.977,-9.89764003753662,0.5374,10.0436399459839,0.7914,-9.92247997283935,0.9233,10.0569599533081,0.5618,-9.92232006072998,0.7914,9.86476001739502,0.6155,-9.92760005950928,0.85,10.0595199203491,0.6742,-9.90563999176025,0.5765,9.85255996704102,0.7523,-9.8971199798584,1.0747
14.9485199737549,0.1808,-14.9155599212646,0.0293,14.9425998687744,0.2785,-14.9307999420166,0.1612,14.9441599655151,0.2394,-14.9254801559448,1.1089,14.9530800628662,0.6742,-14.9018000411987,1.0601,14.9671599960327,1.0161,-14.945359916687,0.8745,14.9332801055908,0.4885,-14.920119972229,0.6497,14.9466000366211,1.0552,-14.9217199707031,0.5667,14.9773599624634,0.8061,-14.9275201416016,0.9282,14.937560043335,0.5129,-14.9116400146484,0.8598,14.9476399612427,0.8403,-14.9063599777222,0.8793,14.9557999801636,0.8549,-14.9089598846436,0.6351,14.9492000198364,0.8109,-14.9196000289917,1.021
19.9639200592041,0.3078,-20.0314800262451,0.0879,19.9665200805664,0.2785,-20.0259600830078,0.2833,19.9646399688721,0.2736,-20.0176800537109,0.9966,19.9679199981689,0.6497,-20.0152800750732,1.1236,19.9671199798584,0.9331,-20.0265198516846,0.7914,19.9558000183105,0.6546,-19.803159866333,0.7914,19.9560800170898,0.9086,-20.019400100708,0.5423,19.9596801757813,0.8696,-20.0184799957275,0.9624,19.9802001953125,0.5032,-20.0165599822998,0.8305,19.9620802307129,0.7914,-20.0377601623535,0.8598,19.9780001068115,0.7377,-20.0335598754883,0.6497,19.9740798187256,0.85,-20.0119200134277,1.0112
24.8769200134277,0.2345,-24.9492399597168,0.083,24.8860802459717,0.2345,-24.9646800231934,0.1563,24.8943199157715,0.342,-24.9450799560547,1.0747,24.8922800445557,0.6351,-24.9539200592041,1.1431,25.0595598602295,0.9575,-24.9387998962402,0.8158,25.0645600128174,0.6448,-24.9608401489258,0.7914,25.0743600463867,0.8451,-24.944400177002,0.552,25.0894000244141,0.938,-24.9432398223877,0.9966,25.0538398742676,0.4787,-24.9686400604248,0.7719,25.0589600372314,0.8012,-24.9546797180176,0.9575,25.0688400268555,0.767,-24.9554399108887,0.767,25.0835200500488,0.9184,-24.9555198669434,1.0064
29.9420800018311,0.2931,-29.8981201171875,0.127,29.9236801147461,0.4201,-29.9104399871826,0.1563,29.9534799957275,0.3664,-29.9031600189209,1.2506,29.9365200042725,0.723,-29.9091199493408,1.0943,29.9319999694824,1.0064,-29.9122799682617,0.8207,29.9372800445557,0.5862,-29.9212399291992,0.723,29.9358799743652,0.8696,-29.9171999359131,0.5471,29.9344801330566,0.9233,-29.9033199310303,0.9722,29.950120010376,0.5276,-29.9226399993896,0.7377,29.9511598205566,0.7719,-29.9025601196289,0.894,29.9477201080322,0.7132,-29.8839199829102,0.6497,29.9596800994873,0.9624,-29.9153201293945,0.9673
35.0634001159668,0.298,-34.9196800231934,0.127,34.8677201843262,0.3273,-34.9274798583984,0.0195,34.8597200012207,0.3371,-34.9050396728516,1.1285,35.0511601257324,0.723,-34.912679901123,1.0161,35.0440000915527,1.1089,-34.9249600219727,0.767,35.0611596679688,0.767,-34.9062004089355,0.6986,34.8831202697754,0.9722,-34.9143597412109,0.4934,34.886240234375,0.9526,-34.9154399108887,0.9428,35.050359954834,0.5178,-34.8998797607422,0.7181,35.0716798400879,0.7279,-34.9090399169922,1.0064,34.8653999328613,0.8598,-34.912039642334,0.6888,35.077679901123,0.9282,-34.8999603271484,0.9624
39.8918002319336,0.342,-39.8352001953125,0.1075,39.9011199951172,0.3175,-39.8623602294922,0.2491,39.885959777832,0.3664,-40.0429600524902,1.0894,39.9989602661133,0.7914,-40.0383201599121,1.0161,39.8816000366211,0.8647,-40.0355999755859,0.7719,40.0009602355957,0.6888,-39.8591198730469,0.6986,39.8800001525879,0.9575,-39.8542803955078,0.4787,39.888639831543,0.9477,-39.8531997680664,0.9673,39.8882800292969,0.6106,-40.0525996398926,0.8158,39.886720123291,0.7035,-39.8447201538086,0.8451,39.9962799072266,0.7963,-39.8522399902344,0.7572,39.9952801513672,0.9722,-40.0577600097656,0.9673
45.0462797546387,0.342,-44.8951200866699,0.0782,45.0428802490234,0.425,-44.8821197509766,0.1905,45.0541600036621,0.4201,-44.8756802368164,1.1431,45.0309603881836,0.8061,-44.884040222168,1.1871,45.032200012207,0.8696,-44.9109196472168,0.8256,45.0349198913574,0.596,-44.9024404907227,0.6986,45.0594000244141,0.9966,-44.8902799987793,0.4787,45.0467599487305,0.8891,-44.8808798217773,0.8989,45.0279600524902,0.6009,-44.8960000610352,0.8647,45.0447200012207,0.7572,-44.8854397583008,1.0015,45.0491598510742,0.7963,-44.900240020752,0.7279,45.0401202392578,1.0454,-44.9030395507813,0.9673
49.9049198913574,0.3273,-49.8786000061035,0.1808,49.9089201354981,0.3029,-49.872759552002,0.1417,49.9177597045898,0.3615,-49.8651599121094,1.1431,49.9920796203613,0.8549,-49.8724000549316,1.1334,49.9143600463867,0.9868,-49.9009201049805,0.767,49.9050399780273,0.6986,-49.8973600769043,0.7084,49.912159576416,0.8158,-49.8687200927734,0.4787,49.9325601196289,0.7865,-49.8855999755859,1.0552,49.9242796325684,0.5032,-49.8920001220703,0.8256,49.9250401306152,0.9331,-49.88,0.9233,49.9044798278809,0.5129,-49.8958799743652,0.9086,49.8911601257324,1.0454,-49.8593998718262,0.9868
54.8992399597168,0.3322,-54.9534799194336,0.0489,54.9004000854492,0.3078,-54.9487203979492,0.1808,54.9068800354004,0.3762,-54.9567198181152,1.1431,54.8914401245117,0.8598,-54.9381996154785,1.0454,54.8907202148438,0.8256,-54.9605201721191,0.7621,54.9025202941895,0.6497,-54.9543598937988,0.7084,54.9160400390625,0.9819,-54.9548399353027,0.4739,54.9079205322266,0.8598,-54.9451599121094,1.0503,54.9282403564453,0.5178,-54.9493199157715,0.8989,54.9119203186035,0.8745,-54.9673599243164,0.9868,54.902919921875,0.6106,-54.9587997436523,0.8061,54.9166401672363,1.065,-54.9662799072266,1.1138
59.9965995788574,0.2687,-59.8692001342773,-0.0293,59.9874798583984,0.3322,-59.9796000671387,0.1856,59.9928799438477,0.3273,-59.9820402526856,1.1529,60.0077598571777,0.8647,-59.8564801025391,1.0943,59.9902397155762,0.7865,-59.9949195861816,0.8403,59.9995196533203,0.7767,-59.9954402160645,0.7084,59.9869598388672,0.9282,-59.9864799499512,0.5276,59.9958798217773,0.9184,-59.8810797119141,1.021,60.0046398925781,0.4836,-59.9922401428223,0.85,60.012440032959,0.938,-59.867320098877,0.9526,59.9917199707031,0.5374,-60.0040397644043,0.8061,60.0101197814941,0.8745,-60.0021600341797,0.9868
64.9024795532227,0.2785,-64.9204391479492,0.1221,65.0468801879883,0.2443,-64.9229598999023,0.1612,64.9011602783203,0.4104,-64.9235598754883,1.1627,64.9252001953125,0.8256,-64.9096395874023,1.0454,64.9156402587891,0.85,-64.9274398803711,0.8256,65.0474795532227,0.7719,-64.9288800048828,0.7572,64.9300408935547,0.9526,-64.9120797729492,0.5471,65.043440246582,0.7377,-64.9069595336914,1.0405,64.9213598632813,0.7377,-64.9194799804688,0.85,65.0442803955078,0.8598,-65.0884396362305,0.8891,64.9051599121094,0.6155,-64.9205200195313,0.8207,64.9189205932617,0.7914,-64.9139205932617,1.0943
69.9073596191406,0.2833,-69.9746405029297,-0.083,69.9176007080078,0.342,-69.9791598510742,-0.1759,69.940520324707,0.3322,-69.9756005859375,1.0845,69.9125601196289,0.8403,-69.9562805175781,0.8793,69.904560546875,0.85,-69.955520324707,0.5667,69.9162390136719,0.6204,-69.9698007202148,0.5374,69.9207196044922,0.9477,-69.9660809326172,0.4446,69.9121194458008,0.8305,-69.9863598632813,0.8256,69.9135601806641,0.6253,-69.97248046875,0.6058,69.9207604980469,0.8403,-69.7989993286133,0.7328,69.9028002929687,0.6155,-69.9633200073242,0.7084,69.9370394897461,0.8158,-69.9801202392578,1.0161
74.9046792602539,0.2052,-74.9082397460938,-0.0195,74.924040222168,0.2931,-74.8919998168945,-0.127,74.9318395996094,0.3713,-74.9175601196289,1.0747,74.9350802612305,0.6839,-74.9068798828125,0.8891,74.9231997680664,0.8403,-74.8963208007813,0.6009,74.9261596679687,0.6058,-74.9071197509766,0.6009,74.9341595458984,0.8793,-74.9106396484375,0.6351,74.9258395385742,0.7523,-74.870319519043,0.8354,74.9427597045898,0.596,-74.9196798706055,0.6644,74.9144808959961,0.7816,-74.9130804443359,0.7523,74.9108798217773,0.5129,-74.9109994506836,0.7572,74.9064392089844,0.7377,-74.8888800048828,1.0112
79.9059197998047,0.2052,-79.9782000732422,-2.2423,79.9050796508789,0.2931,-79.9586791992188,-2.2228,79.8974395751953,0.4397,-79.9613201904297,-1.0894,80.0815997314453,0.7767,-79.9899194335938,-1.3776,79.9040396118164,0.8354,-79.9506005859375,-1.5926,79.9020391845703,0.6693,-79.9498388671875,-1.7929,79.9034002685547,0.9135,-79.9625198364258,-1.4265,79.8871197509766,0.7621,-79.9775598144531,-1.3923,79.9259594726562,0.4836,-79.9657992553711,-1.6219,79.9075598144531,0.8647,-79.9639605712891,-1.5926,79.9093603515625,0.425,-79.9682800292969,-1.6365,80.0987997436524,0.8647,-79.9670803833008,-1.2213
84.9755606079102,0.2052,-84.939880065918,-2.3254,84.9623208618164,0.2296,-84.8375201416016,-2.213,84.9710394287109,0.3468,-84.967360534668,-1.2848,84.961598815918,0.8745,-84.9599597167969,-1.3923,84.9748791503906,0.7816,-84.9453192138672,-1.6219,84.9665606689453,0.6253,-84.9450799560547,-1.6805,84.9932794189453,0.8207,-84.9525204467773,-1.5242,84.9774792480469,0.7621,-84.8344003295898,-1.4021,84.9645593261719,0.4641,-84.8340795898438,-1.6854,84.9733993530273,0.8598,-84.9477597045898,-1.5926,84.9728793334961,0.4739,-84.9505996704102,-1.6365,84.9606405639648,0.9282,-84.9607604980469,-1.236
89.9707205200195,0.1124,-89.9910800170898,-2.4133,89.9754800415039,0.0489,-89.9976397705078,-2.2423,89.9570404052734,0.1319,-90.0118402099609,-1.192,89.8329592895508,0.7474,-90.0070797729492,-1.3337,89.972919921875,0.6302,-90.021640625,-1.744,89.9526800537109,0.4592,-90.0180792236328,-1.7489,89.9569198608398,0.6302,-90.0244396972656,-1.4656,89.8464401245117,0.767,-90.017080078125,-1.4656,89.9525201416016,0.2149,-90.0050402832031,-1.5926,89.9569998168945,0.7572,-89.9845999145508,-1.617,89.9615194702148,0.2736,-90.0326800537109,-1.7098,89.95251953125,0.6693,-89.8269604492187,-1.1529
95.0677993774414,-0.1612,-94.9261206054688,-2.2863,95.0588803100586,0.0537,-94.9159594726563,-2.1788,95.0587594604492,0.171,-94.9226806640625,-1.2799,95.0485604858398,0.5032,-94.9057598876953,-1.3874,95.058239440918,0.6253,-94.9223999023438,-1.6707,95.0387594604492,-1.6805,-94.9158801269531,-1.7196,95.0541998291016,0.6106,-94.9205603027344,-1.5535,95.0497198486328,-1.3581,-94.9307598876953,-1.4851,95.0746002197266,0.2003,-94.9336795043945,-1.7587,95.0468399047852,-1.2018,-94.9450796508789,-1.6072,95.0554797363281,0.1808,-94.9245599365234,-1.6659,95.0641607666016,-1.4656,-94.9203198242188,-1.2848
99.9968801879883,-2.1788,-100.006199951172,-2.1886,100.000520019531,-1.9687,-99.9675598144531,-2.1495,99.9733596801758,-1.9297,-99.9763198852539,-1.3092,99.9983996582031,0.5471,-99.8482797241211,-1.4607,99.959001159668,0.552,-99.9944396972656,-1.7294,99.9923196411133,-1.661,-99.9610000610352,-1.6707,99.9773999023437,-1.446,-99.9700793457031,-1.4851,100.020480041504,-1.3776,-99.9788800048828,-1.4167,99.9981195068359,-1.915,-99.9786404418945,-1.6756,99.9808798217774,-1.3385,-99.9653192138672,-1.6561,99.9813198852539,-1.8026,-99.9739202880859,-1.6121,99.9933596801758,-1.3776,-99.9886001586914,-1.3532
105.02424041748,-2.086,-104.927760314941,-2.2325,104.912799377441,-2.169,-104.930079650879,-2.169,104.90691986084,-1.9345,-105.099759521484,-1.2946,105.02508026123,0.5325,-104.914080505371,-1.4265,104.912920227051,-1.4949,-104.918000793457,-1.7196,104.897039489746,-1.6659,-104.927040100098,-1.7245,105.021919555664,-1.4558,-105.127720031738,-1.534,105.020119934082,-1.3776,-104.925480651855,-1.5926,104.907999267578,-1.9101,-104.949559936523,-1.6756,105.009040222168,-1.3288,-104.916559448242,-1.5926,104.903400878906,-1.8173,-104.916840515137,-1.7978,104.913440246582,-1.3972,-104.925639953613,-1.3483
110.104359436035,-2.0616,-109.931999511719,-2.1348,109.895439758301,-2.1397,-109.938639831543,-2.1641,110.061960449219,-2.042,-109.923600158691,-1.617,110.06311920166,-1.5291,-109.923920593262,-1.5681,109.888600158691,-1.6561,-109.915320129395,-1.6463,109.896040649414,-1.6707,-109.93324005127,-1.7538,109.88859954834,-1.4949,-109.92883972168,-1.5388,109.896400146484,-1.3972,-109.93275970459,-1.5926,110.070159606934,-1.9248,-109.925679931641,-1.7538,109.896920166016,-1.3288,-109.923440246582,-1.5681,109.894440002441,-1.8222,-109.909640197754,-1.7978,109.871839599609,-1.2604,-109.926200256348,-1.3434
114.891960144043,-2.1299,-114.862479858398,-2.2277,114.871120300293,-2.1397,-115.065520019531,-2.2765,114.889000244141,-2.0518,-114.859360046387,-1.7294,114.87691986084,-1.6023,-114.861119995117,-1.5388,114.867959594727,-1.5877,-115.064520568848,-1.7147,114.88072052002,-1.7587,-114.86656036377,-1.744,114.898439941406,-1.5095,-114.865440979004,-1.4802,114.870559387207,-1.3923,-114.875680236816,-1.5828,114.868159179688,-1.998,-114.862760620117,-1.6707,114.877001037598,-1.3092,-114.860160217285,-1.617,114.884599914551,-1.871,-114.853039245605,-1.8124,114.884959716797,-1.2506,-114.851119995117,-1.3874
120.010759277344,-2.1006,-119.976800537109,-2.2765,120.011440124512,-2.1202,-119.871360473633,-2.2912,119.988840026855,-2.1495,-119.878799743652,-1.6854,120.010040588379,-1.573,-119.883480529785,-1.6317,120.001599731445,-1.7489,-119.864440002441,-1.6121,119.997760925293,-1.788,-119.86740020752,-1.8075,119.991359863281,-1.534,-119.889319763184,-1.5633,120.02608001709,-1.3874,-119.882559814453,-1.5046,120.01200012207,-2.0371,-119.879119567871,-1.6659,119.997920227051,-1.3679,-119.875800476074,-1.7049,119.994879760742,-1.7684,-119.884879455566,-1.7978,120.013080749512,-1.3288,-119.877759399414,-1.3141
124.946559143066,-2.1544,-125.024518737793,-2.1446,124.846359863281,-2.1544,-124.820800170898,-2.2325,124.863279418945,-2.1006,-125.036840209961,-1.6854,124.952879943848,-1.5535,-125.036239013672,-1.6463,124.955280151367,-1.6805,-124.807399902344,-1.6756,124.82592010498,-1.7538,-125.01488067627,-1.8319,124.946999816895,-1.4265,-124.84324005127,-1.4753,124.956960144043,-1.3776,-124.851719970703,-1.5046,124.954200134277,-2.0225,-124.829080505371,-1.5828,124.947439880371,-1.5193,-125.033799438477,-1.6952,124.869960021973,-1.7587,-125.015439758301,-1.7538,124.837960510254,-1.4069,-124.845839233398,-1.2995
130.032319335938,-2.2423,-129.900879516602,-2.257,130.019600830078,-2.1495,-130.011639404297,-2.2081,130.025881347656,-2.1446,-129.879439086914,-1.8075,130.017639770508,-1.573,-129.887838134766,-1.7049,130.012080078125,-1.6756,-129.874840087891,-1.6952,129.992398681641,-1.8515,-129.885400390625,-1.8417,130.012799682617,-1.3385,-129.884598388672,-1.5681,130.010440673828,-1.3923,-129.89887878418,-1.5926,130.016400146484,-1.9003,-130.022681884766,-1.6903,130.027199707031,-1.4558,-129.902919311523,-1.6219,130.006918945312,-1.7391,-129.899838867188,-1.7587,130.006999511719,-1.3239,-129.877320556641,-1.2702
134.886080932617,-2.1299,-134.890079956055,-2.169,134.891560668945,-2.1299,-134.890719604492,-2.257,134.905600585937,-2.1837,-134.888041992188,-1.7831,134.878040161133,-1.5291,-134.868400878906,-1.6317,134.874241333008,-1.7098,-134.864599609375,-1.8368,134.88628112793,-1.8271,-134.877319946289,-1.8808,135.017200317383,-1.363,-134.903440551758,-1.6659,134.897559814453,-1.4656,-134.885399780273,-1.5926,134.873920288086,-1.9834,-134.885840454102,-1.6903,134.882679443359,-1.49,-134.883922119141,-1.8173,134.890720825195,-1.617,-134.869680786133,-1.6756,134.893081054688,-1.4118,-134.893078613281,-1.3337
139.907080078125,-2.1837,-139.973681030273,-2.2374,139.925680541992,-2.1202,-139.977318725586,-2.257,139.923479614258,-2.2081,-139.973721313477,-1.7538,139.906360473633,-1.6268,-139.96796081543,-1.6756,139.891400146484,-1.6268,-140.004639892578,-1.8026,139.92200012207,-1.7636,-139.976279907227,-1.8417,139.914358520508,-1.3092,-139.979359741211,-1.6512,139.926400756836,-1.4656,-139.981680297852,-1.5877,139.928439941406,-2.0616,-139.957758789063,-1.6903,139.918159179688,-1.5095,-139.981080322266,-1.8075,139.910038452148,-1.8368,-139.971361083984,-1.7391,140.110160522461,-1.3581,-139.974559936523,-1.3483
145.012120361328,-2.2277,-145.019559326172,-2.296,145.033639526367,-2.0957,-144.9100390625,-2.2521,145.035561523438,-2.2618,-144.91532043457,-1.744,145.034159545898,-1.5535,-144.918920898438,-1.7684,145.007760620117,-1.6414,-144.925959472656,-1.7098,145.02783996582,-1.8026,-145.020040893555,-1.915,145.014878540039,-1.3825,-144.911680297852,-1.7733,145.046758422852,-1.4265,-144.909598999023,-1.6463,145.044400634766,-2.0518,-144.903280639648,-1.661,145.018399658203,-1.5877,-145.021240844727,-1.8026,145.038959350586,-1.7978,-144.93299987793,-1.6463,145.020599975586,-1.3825,-144.902958984375,-1.3385
149.97776184082,-2.1202,-149.855119628906,-2.2765,149.857200317383,-2.0078,-149.854719238281,-2.2667,149.980759277344,-2.2716,-150.004641723633,-1.7733,149.971521606445,-1.5681,-150.025280151367,-1.7,149.851359863281,-1.7196,-149.830880737305,-1.7782,149.853560791016,-1.8075,-149.832078857422,-1.8661,149.98035949707,-1.5779,-149.855360717773,-1.7978,149.976481323242,-1.446,-149.847520141602,-1.6268,149.986120605469,-2.0567,-149.82776184082,-1.6512,149.858840332031,-1.5095,-150.036999511719,-1.8173,149.874559936523,-1.8026,-149.847720947266,-1.6854,149.838760375977,-1.3043,-149.834440307617,-1.3288
155.020720825195,-2.1641,-154.890399169922,-2.2277,155.027039794922,-2.0957,-154.987682495117,-2.2667,155.008520507813,-2.2765,-154.894600830078,-1.8857,155.005439453125,-1.6561,-154.878400878906,-1.744,154.998120117188,-1.7,-155.004039916992,-1.6219,155.006479492188,-1.7978,-154.879398803711,-1.8906,155.004080810547,-1.5095,-154.897040405273,-1.7391,155.022040405273,-1.4998,-154.901800537109,-1.5193,155.027799072266,-2.0567,-154.908999633789,-1.7831,155.011799316406,-1.5193,-154.886321411133,-1.8515,155.019240722656,-1.7098,-154.889880371094,-1.6952,154.983399047852,-1.3483,-154.902681274414,-1.3239
159.882560424805,-2.1153,-159.858839111328,-2.257,159.887600097656,-2.0176,-159.857200927734,-2.2716,159.999438476562,-2.213,-159.875081176758,-1.8173,159.851240234375,-1.6365,-159.862481079102,-1.8173,159.974279174805,-1.8466,-159.850078735352,-1.8515,159.867361450195,-1.7978,-160.061799316406,-1.9492,159.986799316406,-1.5535,-159.877319946289,-1.7294,159.984401245117,-1.5242,-159.881040039063,-1.6023,159.884879760742,-2.0664,-159.884359130859,-1.744,159.994078369141,-1.5144,-160.066801757813,-1.8466,159.890521240234,-1.9248,-159.85708190918,-1.6952,160.000518798828,-1.446,-159.859920043945,-1.3288
164.866322021484,-2.1104,-164.952401123047,-2.2325,164.880958862305,-2.1446,-164.938959350586,-2.3107,164.883040161133,-2.2277,-164.945280151367,-1.9638,164.882239379883,-1.6952,-165.049680175781,-1.7049,164.871321411133,-1.8368,-164.953121337891,0.9819,165.072522583008,-1.7098,-164.963039550781,0.8158,164.881119995117,-1.6365,-164.949560546875,-1.6561,165.077318725586,-1.6561,-164.939041137695,-1.5144,164.867239990234,-2.0567,-164.959678955078,-1.8026,164.88303894043,-1.7636,-164.975679931641,-1.8613,164.898680419922,-1.8955,-164.933678588867,-1.7,165.074799194336,-1.4069,-164.942238769531,-1.4558
169.950760498047,-2.1641,-169.964680175781,-2.2667,169.972078857422,-2.1983,-169.961720581055,-2.1739,169.944560546875,-2.2667,-169.869080200195,0.7963,169.97280090332,-1.6854,-169.966401367188,-1.744,169.953319091797,-1.6659,-169.854280395508,0.9819,169.94532043457,-1.7978,-169.955799560547,0.8207,169.970400390625,-1.7196,-169.961962280273,-1.7294,169.976800537109,-1.5779,-169.965399780273,-1.6365,169.965799560547,-2.0616,-169.981599731445,0.977,169.964559936523,-1.6561,-169.960039672852,-1.7,169.97383972168,-1.8319,-169.953238525391,0.977,169.971239624023,-1.3825,-169.969119873047,1.2408
175.019559326172,-2.0371,-175.097640380859,-2.2277,175.01299987793,-2.1593,-174.871559448242,-1.3092,174.988721313477,-2.2716,-174.89087890625,0.7426,175.007479858398,-1.7098,-174.875158081055,-1.7538,174.996721801758,-1.6072,-174.877719116211,0.977,174.997640380859,-1.8808,-174.891600341797,0.8207,175.019761352539,-1.6659,-174.875798950195,0.9722,175.010881347656,-1.5291,-175.084440307617,1.0552,175.018359375,-2.0664,-174.886680297852,1.0161,175.008399047852,-1.6903,-174.904240722656,1.1041,174.990159912109,-1.6659,-174.910759887695,1.065,175.016000366211,-1.319,-175.088440551758,1.2946
179.950960083008,-2.0567,-180.051400756836,-2.2374,179.936879882812,-2.1983,-180.040800170898,0.2247,180.132881469727,-2.0664,-180.042999267578,0.7279,179.944998779297,-1.7831,-180.035240478516,0.938,179.939198608398,-1.6219,-180.020999755859,0.9624,180.099317626953,-1.7489,-180.038440551758,0.8842,179.930198364258,-1.7,-180.032680664063,0.9233,179.92464050293,-1.4411,-180.032080688477,1.0161,179.955078735352,-2.1153,-180.046198730469,0.9038,179.928841552734,-1.8417,-180.041441040039,1.021,179.945841064453,-1.8222,-180.033160400391,0.9086,179.94219909668,-1.446,-180.022479858398,1.2213
184.899077758789,-2.0322,-184.982199707031,0.2296,185.104118041992,0.3908,-184.973800048828,0.4152,184.90960144043,-2.0909,-184.943680419922,0.8207,185.053599243164,-1.8955,-184.959200439453,0.7132,185.065520629883,-1.7245,-184.956159057617,1.0796,185.058319702148,-1.8075,-184.937681274414,0.7914,185.075201416016,0.7963,-184.960561523437,0.8061,185.091279907227,-1.4558,-184.972438354492,1.0845,185.083879394531,-2.1006,-184.986760253906,1.0161,185.084321289063,-1.8515,-184.961079101562,1.0259,185.063161010742,0.7474,-184.952439575195,0.9184,185.067961425781,-1.4118,-184.962238769531,1.1871
189.871719970703,-2.1299,-189.87032043457,0.3664,189.889559326172,0.3566,-189.860720214844,0.5178,189.872198486328,-2.086,-189.851759643555,0.7328,189.874520263672,-1.6121,-190.039359130859,0.9038,189.998519287109,-1.7538,-190.045120239258,0.938,189.880960693359,-1.6707,-189.842080078125,0.8549,189.875919799805,0.9038,-190.041000366211,0.8842,190.017680664063,-1.573,-189.88887878418,1.0015,189.874521484375,-1.8222,-189.873358154297,0.8403,189.998440551758,-1.8417,-189.864239501953,1.0259,189.99719909668,0.7767,-190.034919433594,0.9233,189.891041259766,1.1822,-189.857520141602,1.148
195.015159301758,-2.1593,-194.846801147461,0.4299,194.999440307617,0.4885,-194.843760375977,0.2833,194.989159545898,0.5716,-194.867799682617,0.8061,195.000760498047,0.9135,-194.985159912109,0.9086,194.989039916992,0.8305,-194.855361328125,0.8647,194.993598022461,0.9722,-194.860361328125,0.8354,194.971520385742,0.7328,-194.878200683594,0.9673,194.981680908203,1.0601,-194.858280029297,1.0992,195.009320068359,0.8354,-194.876801757813,0.8549,194.998397827148,0.8256,-194.865559692383,1.0064,195.02032043457,0.6839,-194.858399658203,0.8793,194.994998779297,1.1676,-194.851920776367,1.1822
199.941839599609,0.5569,-199.986199951172,0.3127,199.926679077148,0.4299,-199.812598876953,0.0733,199.926599121094,0.3664,-199.992559814453,0.8207,199.913760375977,0.9868,-199.975480957031,0.8696,199.92383972168,0.8354,-199.984759521484,0.8354,199.916839599609,0.8647,-199.977278442383,1.021,199.920401611328,0.679,-199.997040405273,1.2018,199.920239868164,1.0405,-200.001159057617,1.0845,199.936120605469,0.8793,-200.001598510742,0.85,199.839238891602,0.6937,-200.006280517578,0.9966,199.912680664062,0.6155,-199.992680664063,0.9135,199.937599487305,1.1529,-200.002678833008,1.192
204.974677734375,0.4397,-204.844440307617,0.4152,204.955520629883,0.3468,-204.946918945312,0.1856,204.955079345703,0.5129,-204.823439941406,0.7767,204.968560180664,0.9819,-204.835040283203,0.8647,204.96139831543,0.7963,-204.946720581055,0.9673,204.966199951172,0.7816,-204.846359863281,0.85,204.957998657227,0.8109,-204.949161376953,1.2653,204.980719604492,1.0552,-204.843040771484,1.1089,204.958160400391,0.8647,-204.985360717773,0.9673,204.978081054687,0.8793,-204.820198364258,1.0601,204.967400512695,0.7328,-204.963158569336,0.9135,204.961398925781,1.1236,-204.844279174805,1.192
209.935718994141,0.4592,-209.840119628906,0.3078,209.933519287109,0.4446,-210.042280273438,0.2052,209.925918579102,0.4397,-210.007880249023,0.7523,209.924479370117,0.9477,-209.824599609375,0.9038,209.916041259766,0.8745,-210.022680664063,1.0064,209.927880859375,0.8061,-210.040399780273,0.8256,209.926799926758,0.8891,-209.842838745117,1.2457,209.924840698242,1.1676,-210.035399780273,1.1089,209.916279907227,0.6546,-209.829280395508,0.9331,209.822600708008,0.8745,-209.829159545898,1.0601,209.936560668945,0.7719,-209.834800415039,0.9722,209.931640625,1.1187,-210.028240356445,1.148
215.001561279297,0.4739,-214.929840698242,0.4006,215.01080078125,0.4494,-214.897920532227,0.254,214.982161254883,0.4543,-214.911199951172,0.8598,214.98612121582,1.1285,-214.896719360352,0.8696,215.010119628906,0.8842,-214.907119140625,0.8403,215.016720581055,0.8598,-214.880719604492,0.8158,215.024041137695,0.8549,-214.901522216797,1.3288,214.992518920898,1.1236,-214.91,1.1041,215.002079467773,0.8012,-214.89875793457,0.8451,215.020760498047,0.85,-214.917879638672,0.9966,215.006479492188,0.8158,-214.900720825195,0.9966,214.997839355469,1.1236,-214.905360107422,0.9526
220.039880371094,0.4641,-219.907598876953,0.381,219.920440673828,0.4446,-219.921640014648,0.2149,219.905520629883,0.3517,-219.922241210938,0.7816,219.897758789062,0.9428,-219.915200805664,0.8842,220.020160522461,0.8109,-219.906040039063,0.9135,219.895599975586,0.85,-219.906198120117,0.8305,219.895239868164,0.9086,-219.944201660156,1.2506,219.944838256836,1.1431,-219.952681884766,1.1089,220.022678833008,0.8696,-219.943359375,0.938,219.91751953125,0.7328,-219.904959716797,1.0015,219.901519775391,0.6204,-219.921919555664,1.0064,219.897359008789,1.1431,-219.913520507813,0.9966
224.930520629883,0.5423,-224.97887878418,0.4104,224.922880249023,0.4397,-224.940879516602,0.1563,224.912841186523,0.3957,-224.979799194336,0.6986,224.909840087891,1.0503,-224.962478027344,0.8842,224.910159912109,0.8451,-224.959000244141,0.9575,224.908480224609,0.8354,-224.979357910156,0.767,224.917680053711,0.85,-224.976960449219,0.8891,224.914039306641,1.1383,-224.992319335938,1.0747,224.923518066406,0.9722,-224.993999633789,0.8207,224.907438964844,0.6351,-224.969319458008,0.9868,224.932159423828,0.767,-224.988999023437,0.9233,224.909039916992,1.0894,-224.968600463867,0.9233
229.946920776367,0.5227,-229.942720947266,0.3859,229.94212097168,0.3224,-229.843158569336,0.2443,229.927158813477,0.4592,-229.952919311523,0.7132,229.93387878418,1.0747,-229.925400390625,1.0454,229.921080932617,0.8647,-229.92551940918,0.9868,229.900639648438,0.8207,-229.939677734375,0.7914,229.934598999023,0.8745,-229.925280151367,0.7719,229.923638305664,1.1383,-229.816520385742,0.9819,229.928960571289,0.7963,-229.940520629883,0.9428,229.924159545898,0.8061,-229.809481811523,1.0064,229.939039306641,0.6448,-229.952240600586,0.9282,229.928800048828,1.148,-229.925439453125,0.9673
234.879319458008,0.5081,-234.96,0.3957,234.907479248047,0.4299,-234.958198852539,0.2394,234.878839111328,0.342,-234.931839599609,0.938,235.065120239258,1.021,-234.949198608398,0.8403,234.866599121094,0.8598,-234.937040405273,0.977,234.876599121094,0.9135,-234.943760375977,0.7914,234.892239990234,0.8891,-234.955199584961,0.7914,234.893120727539,1.1431,-234.950360107422,0.9868,234.925080566406,1.021,-234.947841186523,0.9868,234.90280090332,0.8207,-234.945080566406,0.8696,234.895079345703,0.6546,-234.955120849609,1.0112,234.884718017578,1.1089,-234.937680053711,0.9624
239.960958862305,0.5081,-239.94912109375,0.4055,239.945079345703,0.4201,-239.96916015625,0.171,239.922239990234,0.3127,-239.933040161133,1.0161,239.957079467773,1.065,-239.940758666992,0.9086,239.934119262695,0.8549,-239.937919921875,0.8451,239.926079101562,0.8109,-239.938321533203,0.7963,239.941079711914,0.8745,-239.942240600586,0.8012,239.948080444336,1.1431,-239.845841064453,0.9917,239.95635925293,1.0308,-239.95123840332,0.9184,239.947199707031,0.8207,-239.973839111328,0.8793,239.953079833984,0.7719,-239.970358886719,0.9575,239.948919677734,1.0943,-239.954320068359,0.9428
244.949158935547,0.4983,-244.868640136719,0.4885,244.826400756836,0.3713,-244.842321166992,0.1466,244.953638916016,0.298,-244.830759887695,0.9086,244.937001953125,1.0308,-245.02292175293,0.8793,244.917158813477,0.8061,-245.026680297852,0.9135,244.937680053711,0.9282,-245.03207824707,0.9086,244.946520996094,0.9477,-245.042319946289,0.7377,244.922919921875,1.0454,-245.051840209961,0.9184,244.951520996094,1.0601,-244.846320800781,0.938,244.942200927734,0.8158,-244.874879760742,0.9673,244.935880126953,0.6742,-244.838681030273,0.9526,244.933439331055,1.2555,-245.039598999023,0.9722
250.041880493164,0.4836,-249.951999511719,0.4397,249.866119995117,0.298,-249.948041381836,0.3762,250.051801147461,0.1612,-249.93555847168,0.9282,250.02912109375,0.9038,-249.935239868164,0.8842,250.05203918457,0.894,-249.930120849609,0.9722,250.059400024414,0.85,-249.94035949707,0.9038,250.052720336914,0.8793,-249.937641601562,0.85,249.839439697266,1.1334,-249.932919311523,1.0357,249.86,1.0161,-249.952041015625,0.9868,250.058560791016,0.8793,-249.969359130859,0.938,250.063839111328,0.7132,-249.919440307617,0.9526,250.042520141602,1.0552,-249.94080078125,0.9282
254.995601196289,0.5032,-254.988359985352,0.4446,255.097880249023,0.3078,-254.985079956055,0.3371,254.980161743164,0.2785,-254.873519897461,1.0552,254.984119262695,1.0405,-254.970719604492,0.9575,254.967280273438,0.8109,-254.986400146484,0.9282,254.979000244141,0.8793,-254.870840454102,0.7132,254.978039550781,0.8696,-254.873317871094,0.8012,254.954358520508,0.977,-254.875960693359,1.1041,254.98456237793,0.9673,-254.978037719727,1.0503,254.969641113281,0.9038,-254.848198852539,0.9282,254.954198608398,0.6693,-254.994000244141,1.0357,254.971678466797,1.2262,-254.88223815918,0.9184
260.045640869141,0.5911,-259.919638671875,0.254,260.045441894531,0.3713,-259.931683349609,0.3762,259.923076171875,0.2638,-259.948200683594,0.8989,259.998120117188,0.938,-259.910679931641,0.9038,259.8866015625,0.9086,-260.12748046875,0.9526,259.918479003906,1.0064,-259.928316650391,0.8598,260.029282226562,0.9526,-259.920554199219,0.7523,260.013397216797,1.0552,-259.940197753906,1.192,260.040958251953,0.9819,-259.941759033203,1.0112,260.025400390625,1.0894,-259.938117675781,0.977,260.032996826172,0.6742,-260.121240234375,1.0112,260.024521484375,1.0796,-259.926954345703,0.938
264.922399902344,0.5862,-264.992279052734,0.3224,264.910601806641,0.342,-264.9849609375,0.298,265.096483154297,0.3273,-264.977479248047,0.9575,264.898800048828,0.9477,-264.975400390625,0.9331,264.887996826172,0.9233,-264.984442138672,0.8842,265.082077636719,0.9282,-264.994520263672,0.8451,264.920679931641,0.9624,-264.999399414063,0.8891,264.926040039063,1.0259,-265.013359375,1.0747,264.909320068359,0.894,-264.987719726562,1.0112,264.896362304688,0.8745,-264.993038330078,1.0796,264.897999267578,0.767,-264.993839111328,0.9282,264.909637451172,1.2262,-265.007200927734,0.9331
269.881362304688,0.5227,-269.896881103516,0.4104,269.915322265625,0.298,-269.886120605469,0.3371,269.875598144531,0.1026,-269.891077880859,0.8451,269.879678955078,0.9722,-269.899079589844,1.0357,269.877399902344,0.8598,-269.881118164063,0.9038,269.868957519531,0.9086,-269.896599121094,0.7621,269.875439453125,0.977,-269.798122558594,0.6888,270.002799072266,1.0112,-269.891558837891,1.0796,269.905278320313,0.8891,-269.900200195312,0.9673,270.004041748047,0.9233,-269.887838134766,1.0112,269.899481201172,0.7328,-269.881678466797,1.0161,269.888120117188,1.192,-269.885318603516,0.9673
275.018482666016,0.469,-274.885482177734,0.4055,275.007358398437,0.4348,-274.898641357422,0.254,274.996358642578,0.2785,-274.890437011719,0.9184,274.967036132813,1.0357,-274.876560058594,0.9038,274.975241699219,0.8451,-274.885598144531,0.9086,275.005440673828,0.9673,-274.889681396484,0.7963,275.0100390625,0.6546,-274.904918212891,0.8061,275.008439941406,1.0699,-274.925239257813,1.0796,274.995159912109,0.9966,-274.923797607422,0.9673,274.992919921875,0.7377,-274.905598144531,0.9673,274.812918701172,0.7181,-274.890482177734,1.0015,274.999678955078,1.2408,-274.900881347656,0.894
279.853515625,0.6351,-279.853120117187,0.2785,279.953081054688,0.2931,-279.862242431641,0.2882,279.954760742187,0.298,-279.841477050781,0.894,279.956960449219,1.0064,-279.837442626953,0.8598,279.950600585937,0.894,-280.058720703125,0.8451,279.949278564453,0.8793,-279.849439697266,0.8598,279.980040283203,0.679,-279.839279785156,0.7181,279.865478515625,1.0112,-279.833558349609,1.0503,279.978955078125,0.9038,-279.858198242187,1.0552,279.95923828125,0.9331,-279.856596679688,0.938,279.961322021484,0.7181,-279.859560546875,0.938,279.851518554688,1.236,-279.835595703125,0.8549
285.015718994141,0.5325,-284.902757568359,0.3273,285.023836669922,0.4494,-284.908240966797,0.2589,285.007680664062,0.298,-284.896920166016,0.9086,285.0066796875,0.8891,-284.887918701172,0.9575,285.004881591797,1.0454,-284.898879394531,0.8207,284.989597167969,0.8305,-284.886558837891,0.8158,284.996759033203,0.767,-284.896879882813,0.7719,285.005242919922,1.0943,-284.923156738281,1.065,285.013399658203,0.9673,-284.922718505859,1.0552,285.011961669922,0.894,-284.899757080078,0.9184,285.024400634766,0.7523,-284.908200683594,0.9135,285.030438232422,1.2408,-284.890441894531,0.8891
289.895798339844,0.5227,-289.892438964844,0.4592,289.996959228516,0.4299,-289.889998779297,0.1368,289.996239013672,0.3175,-289.871960449219,0.9086,289.999040527344,0.9086,-289.855959472656,0.9233,289.848160400391,0.9819,-289.888521728516,0.9038,289.964962158203,0.9428,-289.893361816406,0.8061,289.982279052734,0.85,-289.889803466797,0.6888,289.983039550781,1.0992,-289.901363525391,1.1285,289.892082519531,1.0161,-289.899039306641,0.9184,289.877799072266,0.938,-289.898840332031,0.9233,289.884157714844,0.7816,-289.911641845703,1.0064,289.994197998047,1.2457,-289.889122314453,0.8158
294.893842773437,0.5081,-294.975561523437,0.4739,294.8932421875,0.4397,-294.962637939453,0.2882,294.87927734375,0.3175,-294.953280029297,0.9526,294.869879150391,0.9917,-294.955280761719,0.8207,294.856202392578,0.9086,-294.943762207031,0.9233,294.849920654297,0.85,-294.963798828125,0.8647,294.876722412109,0.9331,-294.987719726562,0.8745,294.86671875,1.0992,-294.980321044922,1.0894,294.898758544922,0.9477,-294.979241943359,0.8549,295.087559814453,0.8061,-294.984877929688,1.0064,294.871439208984,0.7816,-294.985358886719,1.0454,295.052041015625,1.1431,-294.965080566406,0.9282
299.999278564453,0.381,-300.032042236328,0.4006,299.985760498047,0.5471,-299.890240478516,0.3957,299.972999267578,0.6302,-299.886721191406,0.7523,299.962238769531,0.9575,-299.873002929688,0.8842,300.091402587891,0.8793,-299.986837158203,0.7767,299.961560058594,0.8598,-299.892319335937,0.8842,299.999119873047,0.8598,-299.882957763672,0.8549,299.994317626953,0.8989,-300.013199462891,1.0894,299.972478027344,0.8745,-300.010518798828,0.938,299.990279541016,0.7621,-299.894202880859,1.1041,299.969681396484,0.6937,-299.881920166016,0.9868,299.9783984375,1.1578,-299.876038818359,0.9673
304.938481445313,0.3713,-304.843201904297,0.4787,304.929241943359,0.3615,-305.019403076172,0.4983,304.939240722656,0.6155,-305.019039306641,0.894,304.946561279297,1.0161,-305.004359130859,0.9331,304.932159423828,0.8842,-304.98255859375,0.9135,304.938238525391,0.9575,-305.006759033203,0.9477,304.936882324219,0.9086,-305.007359619141,0.7377,304.942397460938,0.9966,-305.025798339844,1.1529,304.942680664062,0.9624,-304.846079101563,0.9135,304.945556640625,0.8354,-305.026240234375,0.9673,304.939440917969,0.7181,-304.817081298828,0.9722,304.928039550781,1.2506,-304.999162597656,0.8061
309.967359619141,0.3078,-309.854759521484,0.4152,309.976358642578,0.3371,-309.847760009766,0.3713,309.955079345703,0.6351,-309.952440185547,0.8451,309.956239013672,1.0064,-309.843120117187,0.8109,309.927358398437,0.8842,-309.837955322266,0.9038,309.965159912109,0.8207,-309.851242675781,0.9428,309.949759521484,0.8256,-309.864560546875,0.7767,309.943157958984,0.9917,-309.961921386719,1.1089,309.960601806641,1.0747,-309.956920166016,0.9526,309.972082519531,0.7767,-309.970438232422,1.0357,309.948564453125,0.6839,-309.855838623047,0.9917,309.959239501953,1.1773,-309.844477539063,0.9184
314.942879638672,0.4006,-314.818359375,0.4885,314.924161376953,0.3078,-315.027679443359,0.3908,314.9183203125,0.6448,-315.021960449219,0.9233,314.903402099609,1.0015,-315.018961181641,0.9428,314.901882324219,0.894,-315.012521972656,0.9038,314.906158447266,1.0405,-314.821163330078,0.9575,314.907723388672,0.8891,-315.027637939453,0.6986,314.805037841797,0.9722,-315.040921630859,1.2115,314.927242431641,1.1089,-315.037121582031,1.0161,314.922926025391,0.7816,-315.026319580078,1.0699,314.914642333984,0.6644,-315.002802734375,0.9868,314.920959472656,1.1969,-315.024719238281,0.977
319.998878173828,0.3322,-319.928599853516,0.4104,319.990642089844,0.3078,-319.922598876953,0.3078,319.969039306641,0.7621,-319.876119384766,0.9135,319.974359130859,0.9428,-319.924479980469,0.938,319.977637939453,0.9575,-319.87263671875,0.9331,319.979196777344,0.9966,-319.896038818359,0.894,319.984881591797,0.8598,-319.915759277344,1.0552,319.988839111328,0.977,-319.92080078125,1.1089,319.989840087891,1.0454,-319.911201171875,0.9966,320.001162109375,0.767,-319.913238525391,1.0259,319.997199707031,0.6497,-319.909039306641,1.1138,319.982036132812,1.3581,-319.907318115234,1.021
324.889720458984,0.3615,-324.917800292969,0.2882,325.005001220703,0.342,-324.914759521484,0.3029,324.874962158203,0.7132,-324.899642333984,0.8989,324.970161132813,0.9624,-324.912963867188,1.0161,324.864040527344,0.7865,-324.887760009766,0.8696,324.982838134766,1.0357,-324.906077880859,0.8158,324.858160400391,0.6742,-324.910881347656,0.938,324.870718994141,0.9673,-324.926158447266,1.1236,324.868760986328,1.0894,-324.901956787109,0.9038,324.996398925781,0.7719,-324.911879882813,1.1383,324.992039794922,0.6546,-324.908798828125,0.9917,325.002595214844,1.2066,-324.901840820312,1.2115
329.907078857422,0.3859,-329.817800292969,0.3713,329.906240234375,0.3078,-330.018999023438,0.1954,329.891759033203,0.7279,-330.011040039062,0.8012,329.882884521484,1.0796,-330.001801757812,1.0747,329.880479736328,0.8696,-329.967319335937,0.8549,329.919401855469,0.9282,-330.001478271484,0.8647,329.916440429688,0.7523,-330.005279541016,1.0015,329.902637939453,1.0796,-329.999039306641,1.2408,329.911440429688,1.0357,-330.006761474609,0.894,329.913041992188,0.7572,-330.004078369141,1.0699,330.092281494141,0.7719,-330.013800048828,0.9868,330.106002197266,1.236,-330.0166015625,1.2848
335.040399169922,0.4397,-334.940557861328,0.3566,335.040115966797,0.342,-334.947559814453,0.2443,335.036558837891,0.7426,-334.933436279297,0.938,335.032720947266,1.0064,-334.922359619141,0.9966,335.019757080078,1.021,-334.915479736328,0.8158,335.022241210938,0.9038,-334.958519287109,0.8061,335.023640136719,0.7328,-334.946997070312,1.0601,335.028438720703,0.9917,-334.965397949219,1.148,335.018559570313,0.977,-334.983118896484,0.894,335.030478515625,0.7523,-334.970880126953,0.9868,335.030998535156,0.8158,-334.957359619141,0.9673,335.035394287109,1.1871,-334.935239257813,1.1773
339.963439941406,0.4397,-339.927160644531,0.3322,339.975842285156,0.3762,-340.014479980469,0.2736,339.985799560547,0.6009,-339.997277832031,0.8207,339.964595947266,1.0943,-339.981756591797,0.9575,339.968637695313,0.8696,-339.973438720703,0.9086,339.959039306641,0.9624,-339.997321777344,0.9233,340.09,0.7914,-339.981239013672,1.0405,339.989318847656,1.0259,-340.017243652344,1.1822,339.990001220703,0.9038,-339.911800537109,0.894,339.992037353516,0.7377,-340.002164306641,1.0454,339.991319580078,0.6986,-339.923278808594,1.0357,339.957838134766,1.2018,-340.005198974609,0.9722
344.916322021484,0.4446,-345.006079101562,0.3566,344.882801513672,0.3468,-344.829080810547,0.2443,344.911318359375,0.5374,-344.991882324219,0.8891,344.892320556641,1.0747,-344.991719970703,1.0552,344.890198974609,0.9722,-344.985159912109,1.0357,344.877800292969,0.9868,-345.007399902344,0.7377,344.909639892578,0.7132,-345.007958984375,1.0845,344.909317626953,1.0454,-345.00912109375,1.1822,344.932763671875,1.0405,-345.030241699219,0.8256,344.893839111328,0.7084,-345.0216015625,1.0015,344.912601318359,0.7816,-344.821040039063,1.0357,344.916761474609,1.2848,-345.014639892578,1.0259
349.931556396484,0.3859,-349.833157958984,0.3713,349.939716796875,0.3078,-349.942041015625,0.2491,349.932077636719,0.6204,-349.950161132813,0.8012,349.926842041016,0.9722,-349.943041992187,1.0503,349.913718261719,0.8745,-349.934158935547,0.9624,349.919240722656,1.0015,-349.933801269531,0.6839,349.927156982422,0.8793,-349.974720458984,1.1773,349.940639648438,1.0357,-349.974719238281,1.1724,349.950479736328,1.0845,-349.964918212891,0.8745,349.920880126953,0.6253,-349.819881591797,1.0503,349.944600830078,0.8256,-349.942999267578,1.0552,349.937716064453,1.2506,-349.815236816406,1.2457
354.900998535156,0.3908,-354.996280517578,0.3957,354.866879882813,0.3664,-354.993359375,0.2003,354.87583984375,0.6253,-354.968038330078,0.9575,354.855159912109,1.0259,-354.949476318359,0.9086,354.863201904297,1.1089,-354.96171875,0.9331,354.877360839844,0.9722,-354.9783984375,0.7572,354.890999755859,0.8598,-354.988399658203,1.1578,354.861319580078,1.192,-354.989794921875,1.2311,354.886879882812,0.9624,-355.008883056641,0.8647,354.861077880859,0.6546,-354.990437011719,1.0405,354.88427734375,0.7865,-354.98759765625,1.0259,354.877639160156,1.3239,-354.978479003906,1.1431
359.942078857422,0.469,-359.962280273438,0.5276,359.933883056641,0.4446,-359.843118896484,0.2394,359.947440185547,0.6888,-359.955997314453,0.6888,359.925517578125,0.9575,-359.955921630859,0.8158,359.921560058594,0.9331,-359.860841064453,0.9526,359.929520263672,1.1383,-359.844440917969,0.7719,359.936999511719,0.894,-359.949802246094,1.2066,359.951875,1.1969,-359.868199462891,1.0943,359.938837890625,0.9819,-359.871882324219,1.0503,359.939719238281,0.7523,-359.844281005859,1.0259,359.932080078125,0.8158,-359.863156738281,1.0405,359.940640869141,1.3141,-359.845599365234,1.1236
364.919641113281,0.381,-365.027241210938,0.1075,364.917202148438,0.298,-365.020079345703,0.342,364.923438720703,0.7035,-365.026881103516,0.7621,364.926159667969,1.0503,-364.991081542969,0.8256,364.901118164063,0.9722,-364.997159423828,0.8745,364.935478515625,0.9624,-365.019877929687,0.8354,364.911080322266,0.9233,-364.855280761719,1.0503,364.925441894531,1.1627,-365.038199462891,1.1041,364.929197998047,1.0601,-365.027999267578,0.8256,364.925283203125,0.7328,-364.815837402344,1.0699,364.904479980469,0.7279,-365.028518066406,1.0405,364.911599121094,1.2897,-364.818559570313,1.0992
369.996000976563,0.4983,-369.920441894531,0.0586,370.012600097656,0.3224,-369.930279541016,0.3957,370.017117919922,0.8109,-369.9101171875,0.6204,369.982639160156,0.9477,-369.890441894531,0.8647,369.972640380859,0.9819,-369.882518310547,0.8842,369.983000488281,0.8793,-369.911401367188,0.6839,369.968481445312,0.9819,-369.92248046875,1.0405,369.99755859375,1.1285,-369.924639892578,1.0308,370.005999755859,1.0796,-369.9382421875,0.8745,370.002039794922,0.7474,-369.929479980469,1.0796,369.997440185547,0.7914,-369.91240234375,1.0405,369.998479003906,1.2848,-369.908961181641,1.1578
374.921401367188,0.298,-374.982041015625,0.0195,374.926798095703,0.342,-374.948641357422,0.4446,375.047165527344,0.8305,-374.9466796875,0.8109,375.035560302734,0.9722,-374.936157226563,0.8549,375.010076904297,1.0503,-374.916800537109,0.9233,375.019837646484,0.9526,-374.954279785156,0.8061,374.919478759766,0.9624,-374.980762939453,1.0454,374.925238037109,1.1187,-374.967559814453,1.065,374.928757324219,1.1041,-374.979321289063,0.8891,374.934477539063,0.8158,-374.967800292969,0.938,374.922916259766,0.8012,-374.84419921875,1.0943,374.910439453125,1.2115,-374.968520507813,1.0259
379.988439941406,0.3908,-380.057359619141,-0.0586,379.965240478516,0.3371,-380.049517822266,0.3762,379.959041748047,0.6644,-380.041879882813,0.7426,379.963798828125,1.0064,-380.03755859375,0.9624,379.944000244141,1.0161,-379.868400878906,0.8403,379.944399414063,1.1041,-380.056319580078,0.8989,379.977000732422,0.9624,-379.897039794922,1.0161,379.965841064453,1.1187,-379.918959960938,1.0845,379.975520019531,0.9184,-379.886000976563,0.8061,379.961843261719,0.8305,-379.883321533203,0.8354,379.961040039062,0.7865,-379.876960449219,1.0503,379.962639160156,1.2457,-379.868836669922,1.2946
384.963079833984,0.4055,-384.991842041016,-0.1368,384.943918457031,0.4348,-384.851921386719,0.381,384.956960449219,0.7132,-384.959761962891,0.8256,384.945198974609,0.9868,-384.835560302734,0.7767,384.926038818359,1.0405,-384.979437255859,0.7865,384.936002197266,1.0845,-384.852120361328,0.85,384.951040039062,0.9526,-384.861998291016,1.065,384.949678955078,1.1236,-384.8783984375,1.0747,384.967963867188,0.9673,-384.866956787109,0.8647,384.950358886719,0.8207,-384.877399902344,1.0064,384.938120117188,0.7816,-384.879598388672,1.148,384.950159912109,1.1969,-384.957200927734,1.2164
389.916081542969,0.4494,-390.000124511719,-0.127,389.924603271484,0.2882,-389.823917236328,0.3859,389.886481933594,0.6351,-390.005640869141,0.8842,389.882037353516,0.9086,-389.986680908203,0.8549,389.880439453125,0.9966,-389.997238769531,0.8842,389.869877929688,0.9722,-389.977076416016,0.7132,389.902720947266,1.0357,-390.01412109375,1.0601,389.893682861328,1.1627,-389.833159179688,1.1383,389.895521240234,0.9624,-390.019321289062,0.8745,389.889123535156,0.8012,-390.017641601563,0.9477,389.900922851562,0.7767,-390.007639160156,1.0552,389.89912109375,1.2653,-389.994197998047,1.2897
394.960639648438,0.4397,-394.859638671875,-0.1124,394.983558349609,0.3615,-394.8766796875,0.3713,394.951398925781,0.7132,-394.882561035156,0.8745,394.950720214844,0.9477,-394.855998535156,0.8647,394.940240478516,0.977,-394.841401367187,0.9722,394.957557373047,1.1138,-394.877037353516,0.6839,394.9583203125,1.0308,-394.855681152344,1.1431,394.969361572266,1.0064,-394.877720947266,0.9233,394.953717041016,0.9624,-394.880119628906,0.9526,394.980440673828,0.8012,-394.880400390625,0.9917,394.966480712891,0.8403,-394.877398681641,1.1138,394.954359130859,1.192,-394.973843994141,1.2653
399.948641357422,0.2687,-399.878637695312,-0.2345,399.962399902344,0.3127,-400.055838623047,0.3566,399.967399902344,0.7181,-399.846198730469,0.8793,399.925561523438,0.938,-399.845841064453,0.9184,399.916320800781,1.065,-400.045758056641,0.9086,399.928798828125,1.065,-399.854360351562,0.7132,399.949001464844,0.9233,-400.060041503906,1.0845,399.954598388672,0.9819,-400.066364746094,0.9038,399.932637939453,0.9477,-399.861800537109,0.9526,399.953481445312,0.6302,-399.860998535156,0.9722,399.952801513672,0.7719,-399.865838623047,1.0894,399.939919433594,1.2799,-400.058559570313,1.192
